fever,cough,shortness_of_breath,loss_of_smell,loss_of_taste,fatigue,sore_throat,headache,muscle_pain,congestion,chills,chest_pain,diarrhea,nausea,vomiting,outcome
1,1,1,0,0,1,1,1,1,1,1,1,1,1,1,1
1,1,1,1,0,1,1,1,1,1,1,1,1,1,1,1
0,0,0,1,0,1,0,1,1,0,0,0,1,1,1,0
1,1,1,0,1,1,1,1,1,1,1,0,1,0,1,1
1,1,1,1,1,1,1,1,1,1,1,1,1,1,1,1
1,1,1,1,1,1,0,0,1,1,1,1,1,1,1,1
1,1,1,0,1,1,1,1,1,1,1,1,1,1,1,1
0,0,0,0,1,1,1,0,0,0,0,1,1,0,1,0
1,1,0,1,1,1,1,1,1,1,1,1,1,1,1,1
1,1,1,1,1,1,1,1,1,0,1,1,1,1,1,1
1,1,1,1,1,1,0,1,1,1,1,1,1,1,1,1
0,0,0,0,0,0,1,0,0,0,0,0,0,1,0,0
1,1,1,1,0,1,1,1,1,1,1,1,0,1,1,1
0,1,0,1,1,0,1,0,1,1,1,1,1,1,1,1
1,0,1,1,1,1,1,1,1,1,1,1,0,1,1,1
0,0,1,1,1,1,1,1,1,1,1,1,0,1,0,1
0,0,0,0,0,0,0,1,0,1,0,0,1,0,1,0
0,0,0,1,1,0,1,1,0,0,1,1,1,1,0,0
1,1,1,1,1,1,1,1,1,1,1,0,1,1,1,1
0,1,1,1,1,1,1,1,1,1,0,1,1,1,0,1
1,1,1,1,1,1,1,1,1,0,1,1,1,0,1,1
0,0,1,0,1,0,0,0,1,0,0,0,0,1,1,0
1,1,1,0,1,1,1,0,1,1,1,1,1,1,1,1
1,1,1,1,1,1,0,0,1,1,1,1,1,1,0,1
0,1,1,1,1,1,0,1,1,1,1,1,1,1,1,1
0,0,1,0,1,0,0,1,1,1,1,1,1,1,1,0
1,1,1,1,1,0,1,1,1,1,1,1,1,1,1,1
0,0,0,0,0,0,1,0,0,0,0,0,0,1,1,0
1,1,1,1,1,0,1,1,0,0,1,0,1,1,1,1
0,0,1,1,1,0,1,1,1,1,1,1,1,1,1,1
0,0,1,0,0,1,1,1,0,1,1,1,1,0,0,0
1,1,1,1,0,1,1,1,0,1,1,1,1,1,1,1
1,0,0,0,0,0,0,0,1,1,0,1,0,1,1,0
1,0,0,0,1,1,1,1,1,0,0,0,0,0,1,0
0,0,0,1,0,1,0,0,0,0,0,0,1,1,0,0
0,0,0,0,0,0,1,1,1,1,0,0,0,0,0,0
1,0,1,0,1,1,1,0,1,0,1,1,1,1,1,1
0,0,1,1,1,1,1,1,0,1,0,1,1,1,1,1
0,0,0,0,0,1,0,0,0,0,1,0,1,0,1,0
1,0,1,1,1,0,1,1,1,1,1,1,1,1,1,1
1,1,0,1,0,1,1,1,0,1,1,1,1,1,1,1
1,1,1,0,0,1,0,0,0,1,0,0,1,1,0,0
1,0,0,1,0,1,0,1,1,1,0,1,1,1,0,0
1,0,1,1,0,1,1,1,1,1,1,1,1,0,1,1
0,0,0,0,0,0,0,1,0,1,0,0,1,1,0,0
1,1,1,0,1,1,1,0,1,1,0,1,1,1,1,1
1,0,0,1,1,1,1,1,1,1,1,1,1,1,1,1
0,0,0,0,0,0,1,0,1,0,1,0,0,0,1,0
0,0,0,0,0,1,1,0,0,1,1,1,1,0,0,0
0,0,0,0,0,1,0,0,0,0,1,0,1,1,1,0
1,0,1,1,1,1,1,1,1,1,1,1,1,1,1,1
1,1,0,1,1,0,1,1,1,1,1,1,1,1,1,1
0,0,0,0,0,0,1,0,0,0,1,1,1,0,1,0
0,0,0,1,1,1,1,1,0,1,1,1,1,1,1,1
0,1,0,0,0,1,0,1,0,0,0,0,1,1,1,0
0,0,0,0,0,1,1,0,0,1,1,0,1,0,1,0
1,1,1,0,0,1,1,1,0,1,1,1,1,1,0,1
1,1,1,1,1,1,1,1,0,1,0,0,1,1,1,1
0,1,1,1,1,1,1,1,1,0,1,1,1,1,1,1
0,0,0,0,0,1,0,1,1,0,0,1,0,1,0,0
1,1,1,1,1,1,1,1,1,1,1,1,0,1,1,1
0,0,0,0,0,0,1,0,0,0,0,1,0,0,0,0
1,0,1,1,1,1,1,1,1,1,1,1,1,0,1,1
1,0,1,0,1,1,1,0,1,1,1,1,1,1,1,1
0,0,0,0,0,0,0,0,1,0,0,1,1,1,0,0
1,1,0,1,1,1,1,1,1,0,1,1,1,1,0,1
0,0,0,0,0,0,1,0,0,0,1,1,0,1,0,0
0,0,0,0,1,0,0,1,0,0,0,0,1,0,1,0
0,1,1,0,1,1,1,1,1,1,1,1,1,1,1,1
0,1,0,1,0,1,1,1,0,1,0,0,1,0,0,0
1,1,1,1,1,1,1,1,1,1,1,1,1,0,0,1
1,1,1,1,1,1,1,1,0,1,1,1,1,1,1,1
0,0,0,0,0,1,1,0,0,1,0,1,1,1,0,0
0,0,0,0,0,0,0,1,0,1,1,1,0,0,0,0
1,1,1,1,1,1,1,1,1,1,1,1,1,0,1,1
1,0,0,0,0,0,1,1,1,1,1,0,0,0,0,0
0,1,0,0,0,0,1,0,1,0,0,0,0,0,0,0
1,1,1,1,1,1,1,1,1,1,1,1,1,1,0,1
1,1,1,0,0,0,1,1,1,1,0,1,0,1,1,1
0,0,0,0,0,1,1,1,1,0,1,0,1,1,0,0
1,0,1,1,1,1,1,1,1,0,1,1,1,1,1,1
1,1,1,1,1,1,1,1,1,0,0,1,1,1,1,1
1,0,0,1,1,1,1,1,1,1,0,0,1,1,1,1
0,0,1,1,1,1,1,1,1,0,1,1,1,0,1,1
1,1,1,1,1,1,0,1,0,1,1,1,1,1,1,1
0,1,1,0,1,0,0,0,1,1,1,0,1,0,0,0
1,1,0,0,0,1,1,1,1,1,1,1,1,1,1,1
1,0,0,0,1,1,0,0,0,1,1,1,0,1,0,0
0,1,1,1,1,1,1,1,1,1,1,1,1,1,1,1
1,1,1,1,1,1,1,1,1,1,0,1,1,1,1,1
1,1,1,1,1,0,1,1,1,1,1,1,1,1,0,1
0,1,0,0,0,0,0,1,1,1,0,0,0,1,0,0
1,0,1,1,1,0,1,1,1,1,1,1,1,1,0,1
1,1,1,0,1,1,1,1,1,1,1,0,1,1,1,1
0,1,1,1,1,1,1,0,1,1,1,1,1,1,1,1
0,0,0,0,0,1,0,1,1,1,1,0,1,1,0,0
0,0,1,0,0,0,1,0,1,0,0,1,1,0,0,0
1,0,1,1,1,1,1,1,1,1,1,1,1,1,0,1
1,1,1,0,1,1,1,1,1,1,1,1,1,1,0,1
1,0,1,0,0,0,0,1,0,0,0,0,1,1,1,0
0,1,0,0,0,1,0,1,1,0,1,0,0,1,1,0
0,0,0,1,0,0,0,1,0,0,1,1,1,0,0,0
1,0,1,1,1,1,1,0,1,1,1,1,1,1,0,1
1,1,1,1,1,1,1,1,1,1,1,0,1,0,1,1
1,1,1,0,1,1,0,1,1,1,1,1,1,1,1,1
0,0,0,0,0,0,0,1,0,1,1,1,1,0,1,0
0,0,0,0,0,0,0,1,1,0,0,0,0,1,1,0
1,0,1,1,0,1,1,1,0,0,1,1,1,1,1,1
0,0,1,1,0,0,0,1,0,1,1,0,0,0,1,0
1,1,1,1,1,1,1,1,1,0,1,0,1,1,1,1
1,1,1,1,1,1,1,1,1,1,1,0,0,1,1,1
0,1,0,1,1,1,1,1,1,1,1,1,1,1,1,1
1,0,1,1,1,1,1,1,1,0,1,0,1,1,0,1
1,0,1,1,1,1,1,1,1,1,0,1,1,0,1,1
1,1,0,1,1,1,0,1,1,1,1,0,1,1,1,1
0,0,1,0,1,1,1,1,1,0,1,1,1,1,1,1
1,1,1,1,1,0,1,1,1,1,0,1,1,0,1,1
1,1,1,0,0,1,1,1,1,1,0,1,0,1,0,1
0,0,0,0,0,0,1,1,0,0,0,1,0,0,0,0
1,1,1,0,1,1,1,1,0,1,1,1,1,1,1,1
1,1,1,0,1,1,1,1,1,1,1,1,0,1,1,1
1,0,1,0,1,0,1,1,0,0,1,0,0,0,1,0
0,0,0,0,0,0,0,1,0,0,0,0,1,1,0,0
1,1,0,0,1,1,1,0,1,1,1,1,1,1,1,1
1,1,0,1,1,1,1,1,1,1,1,1,1,0,1,1
0,0,1,0,0,0,1,0,0,1,1,0,0,1,1,0
1,1,0,1,1,1,0,1,0,1,1,1,1,0,0,1
0,0,0,0,0,1,0,1,1,1,0,1,0,1,0,0
0,0,0,0,0,1,0,1,0,0,0,0,1,1,1,0
1,0,1,0,0,0,0,1,1,0,1,1,1,1,0,1
0,0,0,1,0,1,1,0,1,1,0,1,1,0,1,0
1,1,1,1,0,1,1,1,1,1,1,1,1,0,1,1
1,1,1,1,1,1,1,1,1,1,0,1,0,0,1,1
1,0,0,1,1,1,1,1,1,1,1,0,0,1,1,1
0,0,0,0,0,0,0,1,1,0,1,1,0,1,0,0
1,0,0,0,0,0,0,0,0,1,0,0,1,1,1,0
0,1,0,0,1,1,1,0,1,1,1,1,0,0,1,0
0,0,1,0,0,0,1,0,1,1,0,1,0,0,1,0
0,0,1,1,1,1,0,1,0,1,1,1,1,1,1,1
0,0,0,0,0,1,1,1,0,1,1,1,0,0,0,0
1,1,1,1,0,1,1,1,1,1,0,1,1,1,1,1
1,1,1,1,0,1,1,1,0,0,1,1,1,0,1,1
0,0,0,0,0,0,0,0,1,0,0,0,0,1,0,0
1,0,0,0,0,0,0,0,0,0,0,0,1,1,1,0
0,0,1,1,1,1,1,1,1,1,1,1,1,1,1,1
1,0,1,1,1,1,0,1,1,1,1,1,1,1,1,1
1,1,1,1,1,1,1,1,1,1,1,0,1,1,0,1
1,1,1,1,1,1,1,0,1,1,0,1,1,1,1,1
1,0,0,1,1,1,1,1,1,1,1,1,0,1,1,1
1,0,1,1,0,1,0,0,1,0,0,1,0,0,0,0
0,0,0,1,0,1,1,1,1,1,1,1,1,1,1,1
1,1,1,1,1,1,1,1,0,0,1,1,1,1,1,1
1,1,1,1,0,0,1,0,1,1,1,0,1,1,1,1
0,0,0,0,0,1,0,1,0,1,0,0,0,0,1,0
1,0,0,0,0,0,0,0,0,0,0,1,1,1,0,0
1,1,1,1,0,1,1,1,1,1,1,0,1,1,1,1
0,0,0,0,0,1,1,1,1,1,1,0,1,1,0,0
0,0,0,0,0,0,1,0,1,0,0,0,1,1,0,0
1,1,0,0,0,0,0,1,0,1,1,1,0,1,0,0
0,0,0,0,0,0,0,0,0,1,0,0,1,1,0,0
0,0,0,0,0,1,0,1,0,0,0,1,0,0,0,0
0,0,0,0,0,1,1,1,1,1,0,0,0,1,1,0
0,1,0,0,0,1,1,0,0,1,1,1,0,1,1,0
1,0,1,1,1,1,1,1,1,1,1,0,1,1,1,1
1,1,0,1,1,1,1,0,1,1,1,1,1,1,1,1
1,0,1,1,0,1,1,1,1,0,1,1,1,1,0,1
1,1,1,1,0,0,1,0,1,1,1,1,1,1,1,1
0,0,0,0,1,0,0,0,1,1,0,0,1,1,1,0
1,1,1,1,0,0,1,1,1,1,1,1,1,1,1,1
0,0,0,0,0,0,1,1,1,0,0,0,0,1,1,0
0,1,1,1,1,0,1,1,0,1,1,1,1,1,1,1
1,0,0,1,1,1,0,1,1,1,1,1,1,1,1,1
0,0,0,0,0,0,1,0,0,0,0,0,0,0,1,0
1,0,1,0,1,1,1,1,1,1,1,1,1,1,1,1
1,1,1,1,1,1,1,1,0,1,0,1,1,0,0,1
0,1,1,1,0,1,1,1,1,1,0,1,1,1,1,1
0,0,0,1,1,1,1,1,1,1,1,1,1,1,1,1
0,0,1,0,0,1,1,0,0,1,0,1,0,0,1,0
1,1,1,1,1,1,1,0,1,1,1,1,1,1,1,1
0,1,1,1,1,1,1,1,1,1,1,1,1,1,0,1
1,1,0,0,1,1,1,1,1,1,1,1,1,1,1,1
0,1,0,1,0,1,1,1,1,0,0,0,0,1,1,0
1,1,1,1,1,1,1,1,0,1,0,1,1,1,1,1
1,0,1,1,1,1,1,1,1,1,1,0,1,0,1,1
0,1,0,0,0,1,0,1,1,1,1,1,1,1,1,0
0,1,0,0,1,1,0,0,0,0,0,0,1,0,0,0
0,0,0,1,0,1,0,0,0,0,1,0,0,1,0,0
0,1,0,1,1,1,1,1,1,0,1,1,1,1,1,1
1,0,0,1,1,0,1,1,1,1,1,1,1,1,1,1
1,0,1,1,1,0,1,1,1,0,0,1,1,1,1,1
1,0,0,0,0,0,1,1,0,0,0,0,1,0,1,0
1,0,1,1,1,1,0,1,1,1,1,1,0,1,1,1
1,1,0,1,1,1,1,1,1,1,1,1,0,0,1,1
0,0,1,1,0,1,1,0,1,1,0,1,0,0,1,0
0,0,1,0,0,1,1,1,1,0,0,0,0,0,1,0
0,0,0,0,0,0,0,0,1,1,0,1,1,1,1,0
0,1,1,0,1,0,1,1,1,1,1,1,1,1,1,1
0,0,1,1,1,1,0,1,1,1,0,1,1,1,1,1
0,0,0,1,0,1,0,0,1,0,1,1,1,1,0,0
0,0,0,0,0,0,0,0,1,0,1,1,0,0,0,0
0,0,0,0,0,0,0,0,1,0,0,0,0,0,0,0
0,0,0,0,0,1,1,0,1,0,1,1,1,0,1,0
0,0,0,0,0,1,1,1,1,1,1,1,0,0,0,0
1,0,1,1,0,1,1,1,1,1,1,0,1,1,1,1
0,0,0,1,0,1,0,0,0,1,0,0,1,1,1,0
1,1,0,0,0,0,1,0,1,1,1,0,0,1,1,0
1,1,1,1,1,0,1,1,1,1,0,1,1,1,1,1
0,1,1,0,0,1,1,1,0,1,1,1,1,1,1,1
1,0,0,0,1,0,0,0,1,1,0,1,0,1,1,0
0,1,0,1,0,1,1,1,1,0,1,1,1,1,1,1
1,1,1,1,1,0,0,1,1,1,1,1,1,1,1,1
1,1,0,1,0,1,1,0,1,1,1,1,1,1,1,1
1,0,0,1,0,0,0,0,1,1,0,0,1,0,0,0
1,1,1,1,0,1,1,0,1,1,1,0,1,1,1,1
1,1,0,0,1,1,1,1,1,0,0,1,1,1,1,1
1,1,1,1,0,1,1,1,1,0,1,0,1,1,1,1
1,0,1,0,0,1,1,1,1,1,1,1,1,1,1,1
0,1,1,1,1,1,0,1,1,0,1,0,1,1,1,1
0,1,1,1,1,1,1,1,1,1,0,1,1,1,1,1
0,0,0,0,0,1,1,0,0,1,1,1,1,1,1,0
1,1,0,1,0,1,1,1,1,1,1,1,0,1,1,1
0,0,0,1,0,0,1,0,1,1,1,0,0,0,0,0
1,1,1,0,1,0,0,1,1,1,1,0,1,1,1,1
1,1,1,1,1,1,0,1,1,1,1,1,1,1,0,1
0,0,0,0,1,0,1,1,1,0,0,0,0,0,0,0
0,0,0,0,0,1,0,0,1,0,1,1,1,1,1,0
1,0,0,0,0,1,1,0,1,0,0,1,0,1,0,0
1,1,0,1,1,1,1,0,0,1,1,1,1,1,1,1
0,0,1,1,1,1,1,1,1,1,1,1,1,0,1,1
0,0,1,0,1,0,0,0,0,1,0,0,1,1,0,0
0,0,1,0,0,0,0,1,0,1,1,1,0,1,0,0
0,1,1,1,1,1,0,1,1,1,1,0,0,1,1,1
1,1,1,1,1,0,1,1,1,1,1,1,1,0,1,1
1,1,0,1,1,1,1,1,1,1,1,1,1,1,0,1
1,0,0,1,0,1,1,1,1,0,0,1,1,0,0,0
0,0,0,0,0,1,1,1,1,0,0,0,0,0,0,0
0,1,1,0,1,1,1,1,1,1,0,1,1,1,1,1
0,1,1,1,1,1,1,1,1,1,1,0,1,1,1,1
0,1,0,0,0,1,1,1,0,0,1,1,1,1,1,0
0,1,0,0,0,1,1,1,1,1,1,0,1,0,1,1
1,1,1,1,1,0,1,1,1,0,1,1,1,1,1,1
1,0,1,1,0,1,0,1,0,1,1,1,1,0,1,1
0,1,1,0,0,0,0,0,0,1,0,1,0,1,0,0
1,1,0,1,1,1,1,1,1,0,1,1,1,1,1,1
1,1,1,1,1,1,1,1,1,1,0,1,0,1,1,1
1,1,1,1,1,1,1,1,1,0,1,1,0,1,1,1
0,1,1,0,1,0,0,1,1,1,1,0,1,1,0,1
0,0,0,0,0,0,0,0,0,0,0,0,1,1,1,0
0,1,1,0,0,1,1,1,1,1,1,1,1,0,1,1
0,0,0,0,0,0,0,1,1,1,0,0,1,0,1,0
1,0,0,0,1,0,1,0,1,0,0,1,1,1,1,0
0,0,0,0,0,1,0,0,0,0,1,1,0,1,0,0
0,0,0,0,0,0,1,0,1,0,0,1,0,1,0,0
0,1,1,1,0,1,1,0,0,0,1,1,1,0,1,1
0,0,0,0,0,1,0,0,0,1,1,1,0,0,1,0
0,0,0,0,0,0,1,1,0,1,0,1,1,0,0,0
0,0,0,0,0,0,0,0,1,0,0,1,1,1,1,0
0,0,0,0,1,1,0,0,0,1,0,0,1,0,1,0
1,0,0,0,0,1,1,1,1,0,0,1,1,1,1,0
1,1,1,1,0,1,1,1,1,0,1,1,1,1,1,1
1,1,0,1,1,1,1,1,1,0,1,0,1,1,1,1
1,0,0,1,1,0,1,1,1,0,1,1,1,1,1,1
1,1,1,1,0,1,1,0,1,1,1,1,1,1,1,1
0,1,0,0,1,1,1,1,0,1,1,0,1,1,0,0
1,1,1,1,0,1,0,1,1,1,0,1,1,1,1,1
1,0,0,0,0,1,1,0,1,1,1,0,1,0,1,0
1,1,1,0,1,1,1,1,1,0,1,1,1,1,1,1
0,0,0,0,1,0,1,1,1,1,1,0,1,1,0,0
1,0,1,1,1,1,1,1,0,1,1,1,1,0,1,1
0,0,0,0,0,0,0,1,1,0,0,1,1,0,0,0
1,1,0,0,0,0,1,1,1,0,0,0,0,1,1,0
0,0,0,1,0,1,1,1,0,0,1,0,1,1,1,0
1,1,1,1,0,1,1,0,1,0,1,1,1,1,0,1
0,1,1,1,0,1,1,1,1,1,1,1,1,1,1,1
1,1,0,0,0,1,1,1,0,0,0,0,0,1,0,0
1,0,1,0,1,1,1,0,1,1,1,0,1,1,1,1
1,1,0,1,0,1,1,1,0,1,1,0,1,0,0,0
0,1,0,0,1,1,0,1,1,1,0,1,0,0,1,1
1,1,0,1,1,1,1,1,1,1,1,0,0,1,1,1
0,0,0,0,1,1,0,0,0,1,0,0,0,1,0,0
0,0,1,0,0,0,1,1,0,1,1,1,0,1,1,0
0,0,0,0,0,0,0,1,1,1,1,1,0,0,0,0
0,1,1,0,1,1,1,1,1,1,1,0,1,1,1,1
1,1,1,1,1,0,1,1,1,0,1,0,1,1,1,1
0,0,1,1,0,1,1,1,0,1,1,0,0,0,0,0
1,1,1,0,1,1,1,1,1,1,1,1,1,0,1,1
0,0,0,1,0,0,1,0,0,0,1,0,0,0,1,0
1,1,1,0,0,1,1,1,1,1,1,1,0,1,1,1
0,0,0,0,0,0,1,1,0,1,1,0,0,0,0,0
0,0,0,1,0,0,1,0,0,1,0,0,0,0,1,0
1,1,1,1,0,1,0,1,1,1,1,1,1,1,1,1
0,0,1,0,1,1,1,1,1,1,1,1,0,1,1,1
1,0,0,0,0,1,0,1,1,1,1,0,0,0,0,0
0,0,0,0,0,0,0,1,0,0,0,0,0,0,0,0
0,0,0,0,0,1,0,1,1,0,1,1,1,1,1,0
0,0,0,0,0,1,0,0,0,0,1,0,0,0,1,0
0,0,0,0,0,1,1,1,1,0,1,0,1,0,1,0
0,0,0,0,0,1,1,0,1,1,0,0,1,1,1,0
0,0,1,0,0,0,1,1,0,0,0,1,0,0,0,0
1,1,1,1,1,1,1,1,1,1,0,1,1,1,0,1
1,1,0,1,1,1,1,0,1,1,1,1,0,1,1,1
0,0,1,1,0,0,0,0,0,0,0,1,1,1,0,0
0,0,0,0,1,1,0,0,0,0,1,1,1,1,0,0
0,0,0,1,0,1,0,0,0,0,1,0,1,0,0,0
0,0,1,0,1,1,1,1,0,0,0,1,0,1,0,0
1,0,1,1,1,1,1,1,1,0,1,1,0,1,1,1
0,0,1,1,0,1,1,1,1,1,1,1,1,1,1,1
1,0,1,0,0,0,0,0,1,0,0,1,0,1,1,0
1,1,1,1,0,1,0,1,1,0,1,1,1,1,1,1
0,0,0,0,0,0,1,0,0,0,0,1,0,0,1,0
0,0,0,0,0,1,1,1,1,1,1,1,0,0,1,0
0,0,0,0,0,1,1,0,0,1,0,0,1,0,0,0
0,1,0,1,1,1,1,0,1,1,1,1,1,1,1,1
1,1,0,1,0,1,0,1,1,1,1,1,1,1,1,1
0,1,0,0,1,0,1,1,1,0,0,0,0,1,0,0
1,0,0,0,0,1,0,0,0,0,0,1,0,0,0,0
0,0,0,0,0,1,0,1,1,0,0,0,1,0,1,0
0,0,1,1,0,1,0,0,1,1,1,0,0,1,0,0
1,1,1,0,0,0,1,1,1,1,1,1,1,1,1,1
0,0,0,0,1,0,0,0,1,0,0,1,0,0,0,0
1,0,0,0,0,1,0,1,1,1,0,0,0,1,0,0
0,0,1,0,0,0,0,0,1,0,1,1,1,1,0,0
0,0,0,0,1,0,0,0,1,1,0,0,0,1,0,0
1,1,0,1,1,1,0,1,1,1,1,1,0,1,1,1
1,1,1,0,0,1,1,1,0,1,1,1,1,1,1,1
1,0,1,0,0,0,1,1,0,0,0,0,1,0,1,0
0,0,0,1,0,0,1,1,1,1,1,0,1,0,0,0
1,1,1,1,1,1,1,0,1,1,1,0,1,1,1,1
0,0,0,0,1,1,0,0,0,0,0,1,1,0,1,0
1,1,1,1,1,1,1,1,0,0,1,1,0,1,1,1
1,0,0,1,1,1,1,1,1,1,0,1,0,1,1,1
0,0,1,0,0,0,1,0,0,1,0,0,1,1,0,0
0,1,0,1,0,1,0,0,1,0,0,0,0,1,1,0
1,0,0,1,1,1,1,1,0,1,1,1,1,1,1,1
0,0,1,0,0,1,1,0,0,0,1,1,1,1,1,0
0,0,0,0,0,0,0,0,0,1,1,0,0,1,0,0
0,0,0,1,0,1,1,0,0,0,1,1,0,1,1,0
1,1,0,1,1,0,0,1,1,1,1,1,1,1,1,1
1,0,0,1,1,1,1,0,0,1,1,1,1,1,1,1
0,0,0,0,0,0,0,0,1,1,0,0,1,0,1,0
0,1,0,1,0,1,1,1,1,1,1,1,0,1,1,1
1,1,1,1,1,1,1,1,0,1,1,1,1,1,0,1
1,0,0,1,0,1,0,1,1,1,1,0,1,0,1,0
0,0,0,0,0,0,0,1,0,1,0,1,0,0,0,0
0,0,0,0,0,1,1,0,1,1,1,1,0,0,0,0
1,1,0,1,1,1,1,1,0,0,1,1,1,1,1,1
1,1,0,1,1,1,1,1,0,1,1,1,1,0,1,1
0,1,1,1,0,1,1,1,0,1,1,1,1,1,1,1
0,1,1,0,0,1,1,1,0,1,1,1,1,1,1,0
0,1,0,0,1,1,1,1,1,1,1,1,1,1,1,1
1,1,0,0,1,0,1,1,0,1,1,1,1,0,1,1
1,0,1,0,0,1,1,0,1,1,1,1,1,1,0,1
0,1,0,1,0,0,0,1,1,0,0,0,0,0,0,0
0,0,0,0,1,0,0,0,0,0,1,0,1,0,0,0
1,1,1,0,1,1,1,1,1,0,1,0,1,1,0,1
1,0,0,1,0,1,1,1,1,1,1,1,1,1,1,1
0,0,0,1,0,1,0,1,1,1,1,0,1,1,0,0
1,0,1,0,0,1,0,1,1,0,1,1,1,0,0,1
1,1,1,1,1,1,1,0,0,1,1,1,1,1,1,1
1,1,0,1,1,1,1,1,1,1,0,1,1,1,1,1
1,0,1,1,1,0,0,1,1,1,1,0,1,0,1,1
0,0,1,0,0,0,1,1,1,1,0,0,1,1,0,0
1,1,0,1,1,1,1,0,1,1,1,1,1,1,0,1
1,0,0,0,0,1,1,1,0,1,0,0,1,1,1,0
0,0,1,0,0,1,1,1,0,0,0,0,0,1,0,0
0,0,1,0,1,0,1,1,0,1,0,1,1,1,0,0
0,0,0,0,0,1,1,1,1,1,0,0,1,1,1,1
1,0,0,0,0,1,1,0,0,0,1,0,0,0,1,0
0,1,1,1,0,1,0,1,1,1,1,1,1,1,1,1
1,1,0,1,1,1,1,1,0,1,1,1,1,1,1,1
0,0,0,1,0,0,1,0,0,1,0,1,0,1,1,0
0,0,0,1,1,1,1,1,1,1,1,0,1,1,1,1
1,1,0,1,0,1,1,1,1,1,1,1,1,1,1,1
1,1,0,1,1,1,0,1,1,1,1,1,1,1,1,1
0,1,1,1,0,1,1,1,1,1,1,1,1,1,0,1
1,1,1,1,0,1,1,1,1,0,0,1,1,0,1,1
1,1,1,0,0,1,0,1,1,1,1,1,1,1,1,1
0,0,0,1,0,0,1,1,0,0,0,1,0,1,1,0
0,1,1,1,0,1,1,1,1,0,1,1,0,1,1,1
0,0,1,1,0,1,1,1,1,1,1,1,0,1,1,1
0,1,0,0,1,0,0,0,1,0,0,1,1,0,1,0
1,0,0,1,1,1,1,1,1,1,1,1,1,1,0,1
1,1,1,1,1,1,1,0,1,0,0,1,1,0,1,1
0,0,0,1,0,1,1,0,1,0,0,1,1,0,0,0
1,1,1,1,1,1,0,1,1,1,0,1,1,1,1,1
0,0,0,1,0,1,1,0,0,0,1,1,1,0,1,0
1,1,0,0,1,0,1,0,0,0,1,0,1,0,1,0
0,1,1,0,0,1,0,1,0,0,0,0,1,1,1,0
1,0,1,1,0,1,1,1,1,1,1,1,1,0,0,1
0,1,0,0,0,1,0,0,1,1,1,0,0,1,1,0
1,0,1,1,1,1,0,1,0,1,1,1,1,1,1,1
0,0,0,1,0,0,0,0,1,0,0,1,0,0,1,0
1,1,1,1,1,1,0,1,0,1,0,1,0,1,1,1
0,1,0,1,0,1,1,1,1,0,0,0,1,0,0,0
0,0,0,0,1,1,1,0,0,1,1,0,1,0,1,0
0,0,0,0,1,0,1,1,0,1,0,0,0,0,1,0
0,1,1,0,0,0,1,0,1,1,1,1,1,1,1,1
1,0,0,1,0,1,1,1,0,0,1,1,1,1,1,0
1,1,1,0,1,0,1,1,1,1,1,1,0,1,1,1
0,1,0,0,0,0,1,1,1,0,0,1,0,0,0,0
1,1,0,0,1,0,0,1,1,0,1,0,0,1,1,0
1,1,0,1,0,1,0,1,1,1,1,1,1,0,1,1
1,1,0,1,1,1,1,1,1,1,1,0,1,0,1,1
0,0,0,0,0,1,1,1,1,0,1,1,1,0,0,0
0,1,0,0,0,0,1,0,0,1,1,1,0,0,1,0
0,1,0,1,0,1,1,1,1,1,1,1,1,1,1,1
0,1,1,1,1,1,0,1,1,1,1,1,1,1,0,1
1,0,1,0,1,1,1,0,1,1,1,1,1,1,0,1
0,0,0,0,0,1,0,0,0,1,0,1,1,1,0,0
0,1,1,1,1,1,1,0,1,1,1,1,0,0,1,1
1,0,1,1,1,1,1,1,1,1,0,1,0,1,1,1
0,0,1,1,1,1,1,0,1,0,0,1,1,1,1,1
1,1,1,1,1,0,1,0,1,1,1,1,1,1,1,1
1,1,1,1,1,0,0,0,0,1,1,1,1,1,0,1
0,1,1,1,1,1,1,1,0,1,1,1,0,1,1,1
0,0,1,0,0,0,1,0,0,0,0,0,0,0,0,0
1,1,1,1,0,1,0,1,1,1,1,1,0,1,1,1
0,0,0,1,0,0,0,0,1,1,1,0,0,1,1,0
0,0,1,1,1,1,1,1,1,0,1,1,1,1,1,1
1,0,0,0,0,1,0,1,0,1,1,1,1,0,1,0
0,0,0,0,0,1,1,0,0,0,1,0,0,1,1,0
0,0,0,0,0,1,1,0,0,1,0,1,0,0,0,0
1,1,1,1,1,1,0,1,1,1,1,0,0,1,1,1
0,0,0,0,0,1,1,0,1,0,1,0,1,0,1,0
0,0,0,0,0,0,1,1,1,0,0,0,1,1,1,0
1,1,1,1,1,1,1,0,1,1,1,0,1,0,1,1
0,0,1,0,0,0,0,0,1,0,1,1,1,0,0,0
0,0,0,0,0,1,0,0,0,0,1,1,0,0,0,0
0,0,0,0,0,0,1,1,1,1,0,1,1,1,1,0
1,1,1,1,1,1,1,1,0,1,1,1,1,0,1,1
0,0,0,0,0,0,0,0,0,1,0,1,0,1,1,0
0,1,0,0,0,0,0,1,1,1,1,0,1,0,1,0
1,1,1,0,1,1,0,1,1,1,1,0,1,1,1,1
1,1,1,0,1,1,0,1,1,1,1,1,1,1,0,1
1,1,1,1,0,1,1,1,1,1,1,1,1,1,0,1
1,0,0,0,1,1,1,1,1,1,1,1,1,1,1,1
0,0,0,0,0,0,1,1,1,0,1,0,0,0,1,0
0,0,1,0,0,1,1,0,0,1,1,1,0,1,1,0
0,1,0,0,1,0,1,1,0,0,0,1,1,0,0,0
0,0,0,0,0,1,1,0,0,1,1,0,0,1,0,0
1,0,0,1,1,0,1,0,1,1,1,0,1,0,1,1
1,0,1,1,1,1,1,1,0,1,1,1,1,1,1,1
1,0,0,0,1,1,1,1,1,1,1,1,0,1,1,1
1,1,1,1,1,1,1,1,1,0,1,1,1,0,0,1
0,1,0,0,1,1,1,1,1,0,1,1,1,1,1,1
1,0,0,0,0,1,0,1,0,1,1,0,0,1,0,0
1,1,1,1,1,1,1,0,1,1,1,1,1,0,1,1
0,1,1,1,1,1,1,1,1,1,1,1,0,1,1,1
1,0,1,1,1,1,1,1,1,1,0,1,1,1,1,1
0,1,1,1,1,1,1,0,1,1,0,1,1,1,1,1
0,0,0,1,0,1,1,0,1,1,1,1,1,0,0,0
1,1,1,0,0,1,1,0,1,1,1,1,1,1,0,1
1,0,1,1,1,0,1,1,1,0,1,1,1,1,1,1
0,1,0,1,0,1,0,0,0,0,0,1,1,1,0,0
1,1,1,1,0,1,1,1,1,1,0,1,1,0,1,1
0,0,0,0,0,1,1,0,0,0,1,1,0,1,1,0
0,0,0,0,0,0,0,1,1,0,1,0,1,0,0,0
1,1,1,1,1,0,1,1,1,1,1,0,1,1,1,1
1,1,0,0,0,1,0,0,1,1,1,1,0,1,1,0
1,1,0,0,1,1,0,1,1,1,1,1,1,1,1,1
0,1,1,0,1,1,1,1,0,0,1,1,1,0,0,1
0,0,0,0,0,1,1,1,1,1,1,0,1,0,0,0
1,1,1,1,0,1,0,1,1,1,1,1,0,0,0,0
0,0,1,0,0,0,0,1,1,1,0,1,0,1,1,0
0,1,1,0,1,1,1,1,1,0,1,1,1,1,1,1
1,0,0,0,0,0,1,1,1,1,1,1,0,0,1,0
0,1,0,1,1,1,0,1,0,0,0,0,0,0,1,0
0,0,0,0,1,1,1,0,0,1,1,0,0,1,1,0
0,0,0,0,0,0,1,1,0,1,0,1,0,0,0,0
0,1,0,1,1,1,1,1,1,1,1,1,1,1,0,1
1,1,1,1,1,0,1,1,1,1,1,1,0,1,1,1
0,1,1,0,1,1,1,0,1,1,0,1,0,1,1,1
1,1,1,0,1,1,1,0,1,0,1,1,1,1,1,1
0,0,0,0,0,1,1,0,1,1,0,0,0,0,1,0
0,0,0,1,0,0,1,1,1,1,0,1,1,1,1,0
0,0,0,0,0,1,1,0,0,1,0,1,0,1,0,0
1,0,0,0,0,0,0,0,0,0,1,1,1,1,0,0
1,1,1,1,1,0,1,0,1,1,1,1,0,1,1,1
1,1,1,1,1,1,1,1,1,1,0,1,1,0,1,1
1,1,1,1,1,1,1,0,1,1,1,1,1,1,0,1
1,1,1,0,1,1,1,1,1,1,0,1,1,1,1,1
0,0,0,0,0,0,1,1,0,0,0,0,0,1,0,0
0,0,1,0,0,1,0,0,0,0,0,0,0,1,0,0
1,1,0,0,0,0,1,1,0,1,0,0,0,0,0,0
1,1,1,1,1,1,1,1,0,1,1,0,1,1,1,1
0,1,0,0,1,1,1,1,0,1,1,0,1,0,1,0
1,1,1,1,0,1,1,1,0,1,1,1,0,1,1,1
0,0,1,0,0,0,1,0,1,1,0,0,0,0,1,0
0,0,0,0,0,0,1,1,1,0,1,1,0,0,0,0
0,0,0,0,0,1,0,0,1,0,0,1,0,1,1,0
1,0,0,0,0,0,1,1,0,0,0,0,1,1,1,0
1,1,0,1,1,1,1,0,1,1,0,1,1,1,1,1
0,0,0,0,0,1,0,1,1,0,0,1,0,0,1,0
0,1,1,1,0,1,1,1,0,1,0,1,1,1,1,0
1,0,1,0,0,0,0,1,0,1,0,1,0,1,1,0
0,0,0,1,0,0,0,0,1,0,0,1,0,1,1,0
0,0,1,1,1,1,1,0,1,1,0,1,1,1,1,1
0,0,0,0,1,1,1,0,0,0,0,0,0,1,0,0
1,1,1,0,0,1,1,0,1,0,0,1,1,1,0,0
1,0,0,0,0,1,0,0,1,0,1,1,1,1,1,0
1,1,1,1,0,1,1,0,0,1,1,1,1,1,1,1
0,0,0,0,0,1,1,1,1,1,0,0,0,0,1,0
0,0,0,0,0,0,1,1,1,0,1,0,1,1,0,0
1,0,1,1,0,0,1,1,1,0,1,0,1,0,1,1
0,0,1,1,1,1,0,1,1,1,1,1,0,1,1,1
0,0,0,0,1,1,0,1,1,1,1,1,1,1,1,1
0,0,0,0,0,0,0,0,0,0,0,1,1,0,0,0
0,0,0,0,0,0,1,1,1,1,0,1,1,1,0,0
0,0,1,0,0,1,0,0,0,0,1,1,1,1,1,0
0,0,0,0,0,1,0,1,1,1,0,0,0,1,0,0
0,1,0,1,1,1,1,1,0,0,1,0,1,1,0,0
1,1,1,1,1,1,0,1,1,0,1,1,1,1,0,1
0,1,1,1,1,1,1,1,1,1,1,1,0,1,0,1
1,0,0,0,0,0,0,1,0,1,0,0,0,1,0,0
0,0,1,0,1,0,1,1,1,1,1,0,1,0,1,0
0,1,0,0,0,0,1,0,1,1,0,0,0,0,1,0
0,0,0,1,0,1,0,0,0,0,0,1,1,1,0,0
0,0,0,0,0,0,1,1,0,1,0,0,0,0,1,0
1,0,0,0,1,1,0,1,1,1,1,0,0,0,1,0
0,1,1,1,1,1,0,1,1,1,1,1,0,1,1,1
1,1,1,1,1,1,1,1,0,0,0,1,1,1,1,1
0,1,1,1,1,0,1,1,1,1,1,1,1,1,1,1
1,1,1,1,1,1,1,0,1,1,1,1,0,1,1,1
0,0,0,1,0,0,1,0,0,0,1,1,1,1,1,0
1,1,0,1,1,1,1,1,1,1,1,1,1,0,0,1
1,1,0,1,1,0,1,1,0,1,1,1,1,1,1,1
0,1,1,1,1,1,1,1,0,1,1,1,1,1,1,1
0,0,0,0,0,0,1,0,1,1,0,1,1,1,1,0
0,1,0,1,0,1,0,1,1,1,1,1,0,0,0,0
0,0,1,0,0,1,1,1,1,1,1,0,1,0,1,0
0,0,0,0,0,1,0,1,1,0,1,0,1,1,1,0
0,0,0,1,0,0,1,0,0,1,1,1,0,0,1,0
0,1,1,0,0,0,1,0,0,1,0,0,0,1,1,0
1,1,1,1,1,1,1,1,1,1,0,0,1,1,1,1
1,1,0,1,1,1,1,1,1,1,1,0,1,1,1,1
0,0,0,1,1,0,1,0,1,1,0,1,1,1,0,0
1,0,1,1,0,1,1,1,1,1,1,1,1,1,1,1
1,0,0,0,1,1,1,1,0,1,1,1,1,1,1,1
0,1,1,0,1,1,1,1,0,1,1,1,1,1,1,1
0,0,0,0,0,0,0,1,1,1,0,0,1,1,0,0
0,1,1,0,1,1,1,1,1,1,1,0,0,0,1,1
1,1,1,1,1,0,1,0,1,1,1,1,0,1,0,1
0,0,0,1,0,0,1,1,0,1,0,0,0,0,0,0
1,0,0,0,0,0,0,1,1,0,0,1,1,0,1,0
1,0,0,0,0,1,1,0,1,1,0,0,0,0,0,0
0,0,0,1,0,1,1,1,1,0,0,0,0,0,0,0
0,0,0,0,1,0,1,1,1,0,0,0,0,0,1,0
1,0,0,0,1,0,1,0,0,1,1,0,1,1,0,0
1,0,0,0,0,0,1,1,1,0,1,0,0,1,1,0
0,1,1,0,0,1,1,1,1,1,1,1,1,1,0,1
0,0,0,0,0,1,0,1,1,1,1,0,0,1,1,0
0,1,0,0,0,0,0,0,1,0,0,0,1,1,1,0
0,1,0,0,0,0,1,1,0,0,1,0,1,1,1,0
0,1,0,0,0,0,0,1,1,1,1,0,0,1,0,0
0,0,0,0,0,0,1,1,0,0,1,0,0,0,1,0
0,0,0,0,0,1,0,0,0,0,0,1,0,0,1,0
0,0,1,1,0,0,0,0,0,1,1,0,0,0,0,0
0,1,1,1,1,1,1,1,1,1,1,1,1,0,1,1
0,0,0,0,1,0,0,0,0,0,0,0,0,0,0,0
0,0,0,1,0,1,1,1,1,1,1,1,0,0,1,1
0,1,0,0,0,1,1,1,1,1,1,1,1,0,1,1
1,1,0,0,1,0,1,1,1,1,1,1,1,1,1,1
1,1,1,0,1,1,1,1,0,1,1,0,1,1,1,1
0,0,1,1,1,1,1,1,1,1,1,0,1,1,0,1
1,1,1,1,1,0,1,1,0,0,1,1,1,1,1,1
0,0,1,0,0,1,0,0,1,0,1,0,0,1,1,0
0,0,0,1,0,0,0,1,0,1,1,0,1,0,0,0
0,0,0,1,0,0,1,1,1,0,0,1,1,1,0,0
0,0,0,1,0,0,0,1,0,0,0,0,1,0,1,0
1,0,1,1,1,0,1,1,1,1,0,1,1,1,0,1
0,0,0,0,0,1,0,1,0,0,0,1,0,0,1,0
1,0,1,0,0,0,0,0,1,1,0,1,0,0,1,0
1,1,0,0,1,1,1,1,0,0,1,1,1,0,1,1
1,0,1,0,1,1,1,1,1,0,1,1,1,1,1,1
1,1,0,0,0,1,0,0,0,1,0,0,0,0,1,0
1,1,1,1,1,1,1,1,1,0,1,1,1,1,0,1
0,0,1,0,0,0,0,0,0,1,1,1,1,1,1,0
1,0,0,0,0,0,0,0,1,0,0,1,0,0,1,0
0,0,1,0,0,1,1,1,0,0,0,0,0,0,1,0
1,0,1,0,1,1,1,1,1,1,1,0,1,1,1,1
0,0,0,0,0,0,1,0,0,0,0,0,1,0,1,0
1,0,1,1,0,1,1,1,1,1,1,1,0,1,1,1
0,0,1,1,1,1,1,1,0,1,1,1,1,0,1,1
1,0,1,0,1,0,1,1,1,1,1,1,0,1,1,1
0,0,0,0,1,0,0,1,0,1,1,1,0,1,0,0
0,0,0,0,1,1,0,1,1,0,0,1,0,1,1,0
1,1,1,0,0,1,1,1,1,1,0,1,1,1,1,1
0,0,0,0,0,0,0,0,1,0,1,1,1,0,1,0
1,1,0,1,1,0,1,1,1,1,1,0,1,0,1,1
0,0,0,0,0,1,1,0,1,0,1,0,0,0,0,0
1,1,0,0,0,0,1,0,0,0,1,1,0,0,0,0
1,1,1,0,1,0,1,1,0,1,1,1,1,1,1,1
0,0,0,1,0,1,0,1,1,1,0,0,0,0,0,0
0,0,0,0,0,1,0,0,1,1,1,1,0,0,1,0
1,1,1,1,1,0,0,0,1,0,1,0,0,1,0,0
0,1,1,1,1,1,1,1,1,1,1,0,1,0,1,1
0,1,1,1,0,1,1,1,1,1,1,1,0,1,0,1
1,1,1,0,1,1,1,1,1,1,1,0,1,1,0,1
0,0,0,0,1,0,0,1,1,1,0,1,0,1,1,0
1,0,1,1,1,1,1,1,0,1,0,1,1,1,1,1
1,0,1,1,1,1,1,0,1,1,1,0,1,1,1,1
0,0,0,0,0,0,1,1,1,0,0,1,0,1,0,0
0,0,0,0,0,0,1,0,1,0,1,1,0,0,0,0
0,0,0,1,1,1,1,0,1,1,1,1,1,1,1,1
1,0,1,1,0,0,1,1,1,0,0,0,1,1,1,0
1,0,0,0,1,1,1,1,1,1,1,1,1,0,1,1
0,1,0,1,1,1,0,1,1,1,1,1,0,1,1,1
0,0,0,0,1,1,1,0,0,0,1,1,0,1,1,0
1,0,0,0,1,1,1,1,1,0,1,1,1,1,1,1
1,1,0,0,0,0,1,0,0,0,0,0,0,0,0,0
0,1,0,1,0,0,0,1,0,0,1,0,0,1,1,0
1,0,0,0,0,0,1,1,1,0,1,0,1,0,1,0
0,1,0,1,0,0,1,1,0,0,1,0,1,1,0,0
0,1,1,0,1,1,0,1,0,1,0,0,1,1,1,1
0,1,1,1,1,1,1,0,1,1,0,0,1,1,1,0
0,0,1,0,0,1,0,0,0,1,1,0,0,0,0,0
0,0,0,1,1,1,0,1,0,0,1,1,0,1,0,0
0,1,1,1,0,1,1,0,1,1,1,1,1,1,1,1
0,0,0,0,0,1,1,0,0,0,1,1,0,1,0,0
1,1,1,0,1,1,0,1,0,1,0,1,1,0,1,1
0,1,0,1,1,0,1,0,0,0,1,0,0,0,1,0
0,0,1,0,1,0,0,1,0,1,1,0,0,0,0,0
1,1,0,0,1,1,0,1,0,1,1,1,0,1,0,1
0,0,0,0,0,1,1,1,1,0,0,1,0,0,1,0
1,1,1,0,1,1,1,1,0,1,0,1,1,0,1,1
1,1,0,0,1,1,1,1,1,1,0,1,1,1,1,1
0,0,0,0,0,0,0,1,0,1,1,0,0,1,0,0
0,1,1,1,1,0,1,1,1,1,0,1,1,1,1,1
0,1,1,0,1,1,1,1,1,1,0,1,1,0,1,1
1,1,0,1,1,1,1,0,1,0,1,1,1,1,1,1
0,1,1,1,1,0,0,1,1,1,1,1,1,1,1,1
0,0,0,1,0,1,0,0,0,1,0,1,0,1,1,0
1,1,0,0,0,1,0,1,1,0,1,1,0,1,0,0
0,1,0,1,0,1,0,1,0,0,1,1,1,0,0,0
0,1,0,1,0,0,1,0,0,0,1,1,1,1,1,0
1,1,1,1,0,1,1,1,0,1,0,1,1,1,1,1
0,1,0,0,0,1,0,1,1,0,0,1,0,1,1,0
0,1,0,0,0,0,0,0,0,0,0,0,0,0,1,0
0,0,0,0,0,0,0,1,1,1,1,1,1,1,1,0
0,1,0,0,0,1,1,1,0,0,1,0,1,1,0,0
1,0,1,0,0,1,0,1,1,1,1,1,1,0,1,0
1,0,0,0,1,1,1,1,1,0,0,0,0,1,0,0
0,0,1,1,0,1,1,1,1,0,0,1,1,1,0,0
0,0,1,1,1,1,1,0,1,1,0,1,0,1,1,1
1,1,1,0,1,1,1,1,1,1,1,1,0,1,0,1
1,0,1,0,0,1,0,1,0,0,0,0,1,1,1,0
0,0,1,0,0,1,0,1,0,0,0,0,1,1,0,0
0,1,0,1,1,1,1,1,0,1,1,1,1,1,1,1
0,0,0,0,1,0,1,1,0,0,1,0,0,1,1,0
0,0,0,0,0,1,0,1,0,0,0,0,0,0,0,0
0,0,0,0,0,0,1,1,1,0,1,1,0,0,1,0
1,0,1,1,1,1,1,0,1,1,1,1,1,1,1,1
1,1,0,0,0,1,0,0,1,1,1,1,1,0,0,0
1,0,0,1,0,1,1,1,0,1,0,1,0,1,1,0
0,0,1,0,1,0,0,0,1,0,1,1,0,0,1,0
0,1,1,1,0,1,1,1,1,1,1,1,1,0,1,1
0,0,0,0,0,0,1,1,0,0,0,0,0,0,1,0
0,1,1,1,1,1,1,1,1,1,1,1,0,0,1,1
0,0,0,0,1,0,1,1,1,1,0,0,1,0,0,0
0,0,0,1,1,0,1,0,0,1,1,0,1,1,0,0
0,0,0,0,1,1,0,1,0,1,0,0,0,0,1,0
0,0,1,1,0,1,0,1,0,1,1,1,1,1,1,1
1,1,0,1,0,0,0,0,0,0,1,1,1,0,1,0
0,1,1,0,0,0,1,1,1,1,1,1,1,1,0,1
1,1,1,1,1,1,1,1,1,1,0,1,1,0,0,1
1,1,1,0,1,1,1,1,1,1,0,1,1,0,1,1
0,0,0,0,1,1,0,0,0,0,1,0,1,1,1,0
0,0,1,0,1,0,1,1,0,0,1,0,0,1,1,0
0,0,1,0,0,1,0,1,0,0,0,1,0,1,0,0
1,1,0,1,0,0,1,1,1,0,1,1,1,1,1,1
0,1,1,1,1,1,1,0,1,0,1,1,1,1,1,1
1,0,0,0,1,0,0,1,1,1,1,1,1,0,1,0
1,0,1,1,1,1,0,0,1,1,1,1,1,1,1,1
0,0,1,1,1,1,0,0,0,0,0,0,1,0,1,0
1,1,0,0,1,1,1,0,0,1,0,0,0,1,0,0
1,0,0,0,0,0,1,1,0,0,0,0,1,1,0,0
0,1,0,0,1,1,1,0,1,1,0,0,1,0,1,0
1,0,0,0,0,1,0,0,1,1,1,0,0,0,0,0
1,1,0,0,0,1,1,0,0,1,0,1,0,1,0,0
1,0,1,1,0,1,0,1,1,1,1,1,1,1,1,1
0,0,1,0,0,0,0,0,0,1,1,0,0,0,1,0
0,0,0,0,1,0,1,1,1,0,1,1,0,0,1,0
0,1,0,1,0,0,1,1,1,1,1,1,1,1,1,1
1,0,1,1,1,1,1,0,1,1,0,1,1,1,1,1
1,0,0,0,0,0,1,0,1,0,0,0,1,0,0,0
1,1,0,0,0,1,1,1,1,0,1,1,1,1,1,1
1,0,0,1,0,1,1,1,1,0,1,0,1,1,0,1
0,1,0,0,1,0,1,0,0,1,1,0,0,0,1,0
1,1,1,1,0,1,1,1,1,1,1,1,0,1,0,1
0,0,0,0,0,0,0,1,1,0,1,1,1,1,1,0
0,0,1,0,0,0,0,0,1,1,1,0,0,1,1,0
1,1,1,0,1,1,1,1,0,1,1,1,0,1,1,1
0,1,0,1,1,1,1,1,1,1,0,1,1,1,1,1
1,1,1,0,1,1,1,0,1,0,1,1,1,0,1,1
1,1,0,1,0,0,1,1,1,1,1,0,1,0,1,1
0,0,0,1,0,1,1,0,0,0,1,1,1,0,0,0
0,0,0,0,0,0,0,0,0,1,0,0,1,0,1,0
1,1,1,1,1,1,0,1,1,1,1,1,1,0,1,1
0,1,0,0,0,1,0,0,0,0,0,1,0,0,1,0
0,1,1,1,0,1,1,1,1,1,1,1,0,0,1,1
0,0,0,0,0,0,0,1,1,0,1,0,1,1,0,0
1,0,0,0,0,1,0,1,0,1,1,0,0,0,1,0
0,0,0,0,0,0,1,1,0,0,0,1,1,1,0,0
0,0,1,1,0,1,1,1,0,0,0,1,1,1,0,0
1,1,0,0,0,0,0,0,0,0,1,0,1,1,0,0
1,0,0,0,0,0,1,1,1,1,0,0,1,0,1,0
1,1,1,1,0,1,0,1,1,1,1,0,1,1,1,1
0,1,0,0,1,1,1,0,1,1,1,1,1,1,0,1
1,0,1,1,0,1,1,1,1,0,1,1,1,0,1,1
1,0,0,1,1,0,0,1,1,1,1,0,1,1,0,0
0,0,0,0,0,0,1,0,0,0,1,0,0,0,0,0
1,0,1,1,1,1,0,1,1,1,1,1,1,1,0,1
0,1,0,0,0,0,1,0,1,0,1,1,0,1,1,0
0,0,0,0,0,1,0,1,1,0,0,1,1,1,0,0
0,0,0,1,0,1,0,1,0,1,1,0,1,0,1,0
0,0,0,0,0,0,0,1,0,0,1,0,1,1,0,0
0,0,0,0,0,0,0,0,0,1,1,0,1,1,1,0
0,0,0,0,0,0,0,1,0,0,0,1,1,0,0,0
0,0,0,0,0,0,1,0,0,0,0,0,1,1,1,0
0,0,0,1,0,0,0,1,1,0,1,1,0,1,1,0
1,0,0,0,0,1,0,1,1,0,1,0,1,0,1,0
0,0,1,1,0,0,0,1,1,0,1,1,1,0,0,0
0,1,1,0,0,1,1,1,1,1,1,1,0,1,1,1
1,0,1,1,1,1,1,1,1,1,1,1,1,0,0,1
0,1,0,0,0,1,1,1,1,1,1,1,1,1,0,0
0,0,0,0,1,0,1,1,1,1,1,0,1,1,1,0
1,1,1,1,1,1,1,1,0,1,1,1,1,0,0,1
0,1,1,1,1,1,1,0,1,1,1,1,0,1,1,1
1,1,1,1,1,1,0,0,1,1,0,1,1,1,1,1
0,0,0,0,0,0,0,1,0,0,1,0,0,1,1,0
0,0,1,1,1,1,1,0,1,1,1,1,1,0,1,1
0,0,0,0,1,1,1,1,1,1,1,1,1,1,1,1
0,0,0,0,0,0,1,1,0,1,1,1,0,0,1,0
0,0,0,1,0,0,1,0,0,1,1,0,0,1,1,0
1,1,1,1,0,1,1,1,1,1,0,1,0,0,1,1
0,1,0,1,1,0,1,1,1,1,1,1,1,1,1,1
1,0,0,0,0,0,0,0,0,0,1,1,0,1,0,0
0,0,0,1,0,1,0,1,0,1,1,1,0,1,0,0
1,1,1,0,1,0,1,1,1,0,1,1,1,1,1,1
0,0,0,1,0,0,0,0,1,1,0,0,0,0,1,0
1,1,1,1,0,0,0,1,1,1,0,1,1,1,1,1
0,0,0,0,0,1,1,1,0,0,1,1,0,0,1,0
1,1,0,0,0,0,1,1,1,0,1,1,1,1,0,1
1,1,1,1,0,0,1,1,1,1,1,0,1,1,1,1
0,0,0,0,0,1,1,0,0,1,1,0,1,1,0,0
0,0,1,0,0,0,0,0,0,1,0,0,1,0,1,0
1,1,0,1,1,0,1,1,1,1,0,1,1,1,0,1
0,0,0,0,0,0,1,1,1,0,0,1,1,0,1,0
1,0,1,1,1,1,1,1,1,0,0,1,1,1,0,1
0,0,0,0,0,0,1,0,1,1,1,1,0,1,0,0
1,0,0,0,1,0,0,1,1,1,1,0,1,1,0,0
1,0,1,1,0,1,1,0,1,0,1,1,1,1,1,1
0,0,0,0,1,1,0,0,1,1,1,0,0,1,1,0
0,0,0,0,1,1,1,0,1,0,1,0,1,1,1,0
1,0,1,1,0,1,0,0,0,1,0,1,1,0,1,0
1,1,0,1,0,1,1,1,1,0,1,1,1,1,1,1
1,0,0,1,1,1,0,1,0,1,1,1,0,0,1,1
1,0,1,0,1,1,0,0,0,0,1,1,0,0,1,0
1,0,0,0,1,1,1,1,0,1,1,0,0,0,1,0
0,0,0,0,0,0,1,0,1,1,0,0,0,0,0,0
1,1,1,1,0,1,1,1,1,1,1,1,0,0,1,1
1,1,0,0,0,0,0,1,1,1,0,0,1,1,0,0
0,0,0,0,0,0,1,0,1,1,1,0,0,0,0,0
0,0,0,0,0,0,0,0,0,1,0,0,1,0,0,0
0,0,0,0,0,0,0,0,0,1,1,1,1,1,1,0
0,0,0,0,1,0,1,0,0,1,1,1,0,0,1,0
0,0,0,1,0,0,1,0,1,1,0,1,1,0,1,0
0,1,1,0,0,1,1,1,1,0,1,1,0,1,1,1
1,1,1,1,1,0,1,1,0,1,0,1,0,1,1,1
0,0,0,0,0,0,1,0,1,0,1,0,1,1,0,0
1,0,1,1,0,1,1,1,1,1,1,0,0,1,1,1
0,0,0,0,0,1,1,1,0,1,1,0,1,1,0,0
0,0,1,0,0,0,0,1,0,0,0,0,1,0,1,0
1,0,1,1,1,1,0,1,1,1,1,0,1,1,1,1
0,0,1,0,0,0,1,1,0,1,0,0,0,1,1,0
1,0,0,0,0,1,0,0,0,0,0,1,0,1,0,0
1,0,1,1,0,1,1,1,1,1,1,1,1,1,0,1
0,0,1,0,1,0,1,0,0,0,1,0,0,0,0,0
0,0,0,0,0,1,1,1,0,0,1,1,0,1,1,0
0,1,0,0,0,1,0,1,1,0,1,0,1,0,0,0
0,0,0,0,1,0,1,1,1,1,0,1,1,1,1,0
1,0,0,0,0,1,0,1,0,0,1,1,1,1,0,0
0,0,0,0,0,1,1,0,0,1,1,0,1,0,0,0
0,0,0,0,0,1,1,0,1,1,0,1,0,0,1,0
0,0,0,1,0,0,0,0,1,0,0,0,1,0,1,0
1,0,1,1,1,0,1,0,1,1,1,1,1,1,1,1
1,0,0,0,0,1,0,0,1,0,0,0,1,0,0,0
0,0,0,1,0,0,0,1,0,0,1,0,1,1,1,0
1,0,0,0,0,1,1,0,0,1,1,1,0,0,1,0
0,0,0,0,0,1,1,0,1,0,0,0,1,0,1,0
0,0,1,0,0,0,1,0,1,1,1,0,0,1,1,0
0,1,0,0,1,1,0,0,1,1,1,1,1,1,1,1
0,0,0,0,0,1,1,1,0,0,0,0,1,0,1,0
0,1,1,0,1,1,1,1,0,0,0,1,1,0,1,0
1,1,0,0,1,1,1,1,0,1,1,1,1,1,1,1
1,0,0,0,0,1,1,0,1,1,0,1,0,0,0,0
1,1,0,1,0,1,1,1,0,1,1,1,0,1,1,1
1,0,0,1,0,1,1,1,1,1,1,1,1,1,0,1
0,0,1,0,0,1,1,1,1,1,1,0,0,1,0,0
0,0,0,0,0,1,1,1,0,1,0,1,1,1,0,0
0,0,0,0,0,0,1,0,0,0,1,1,0,1,1,0
0,0,1,1,0,0,0,1,0,1,1,0,0,1,1,0
0,0,1,0,0,1,1,0,1,0,0,1,0,1,0,0
0,0,1,1,1,1,1,1,1,1,0,1,0,1,1,1
0,0,0,0,0,1,0,0,0,1,0,0,0,0,1,0
1,1,0,1,0,1,1,1,1,1,0,1,1,1,1,1
0,1,1,1,1,1,1,1,1,0,1,1,0,1,1,1
1,1,0,0,0,0,1,0,0,1,1,0,0,0,1,0
1,1,1,1,0,0,1,0,1,0,1,1,1,1,1,1
0,0,0,0,1,1,0,0,0,0,1,0,0,1,0,0
0,1,0,0,0,0,1,1,1,0,1,1,0,0,1,0
0,0,0,0,1,1,0,1,0,0,0,1,1,1,1,0
0,1,1,1,0,1,1,1,1,1,1,0,1,1,1,1
1,0,0,0,1,0,0,1,0,0,1,1,0,0,1,0
0,1,0,0,0,1,0,0,1,1,0,0,0,0,1,0
0,0,0,0,1,1,1,1,1,0,1,1,1,1,1,1
1,1,0,1,1,1,1,1,1,1,1,1,0,1,1,1
0,0,1,1,0,0,1,1,1,1,1,1,1,1,1,1
1,0,0,0,1,1,0,1,1,1,0,0,0,0,1,0
0,0,0,0,0,0,0,1,0,0,1,0,1,0,0,0
0,0,1,0,0,0,1,0,0,0,1,1,0,0,0,0
0,1,0,1,1,1,0,1,1,1,1,1,1,1,1,1
0,0,0,1,1,1,0,1,1,1,0,0,0,0,1,0
0,0,0,0,0,0,1,0,0,0,1,0,0,1,0,0
0,0,0,0,0,1,1,1,1,0,0,0,1,1,0,0
1,1,0,1,1,1,0,1,0,1,1,1,0,1,1,1
1,1,0,1,1,1,1,1,1,0,0,1,1,1,1,1
0,1,1,1,1,0,1,1,1,0,1,1,1,1,1,1
0,1,0,0,0,1,1,1,1,1,0,0,0,0,0,0
0,0,0,0,1,1,1,0,0,0,0,1,1,0,0,0
1,0,1,1,1,1,1,1,1,0,0,1,1,1,1,1
0,0,0,0,0,0,0,1,1,0,0,0,1,1,0,0
1,1,0,0,0,0,1,0,1,1,1,1,1,1,0,0
0,0,1,0,0,0,1,0,0,0,0,1,1,1,1,0
0,0,1,1,0,1,0,0,1,0,1,1,0,0,1,0
0,0,1,0,0,1,1,0,0,1,0,0,0,1,1,0
1,1,1,1,0,0,1,1,1,0,1,0,1,1,1,1
1,1,1,1,1,1,1,0,0,0,1,1,1,0,1,1
0,1,1,0,0,0,0,0,0,0,1,0,0,1,0,0
0,0,0,0,0,0,0,0,1,0,1,1,1,0,0,0
1,1,0,1,0,1,1,1,0,0,1,1,1,1,1,1
1,1,1,1,1,0,1,0,0,1,1,1,0,1,1,1
0,1,0,0,0,0,0,1,1,1,0,0,1,0,0,0
0,0,0,1,1,0,1,1,1,0,1,1,1,0,1,0
0,0,0,1,0,0,1,1,1,1,0,1,0,1,1,0
1,1,1,1,1,1,1,0,1,1,0,0,1,1,1,1
1,1,0,1,0,1,0,0,0,0,1,0,0,1,0,0
0,1,1,1,0,0,1,1,1,1,1,1,1,1,1,1
0,0,0,0,0,1,1,1,1,0,1,0,0,1,0,0
0,1,1,0,1,1,0,1,1,0,1,1,1,1,0,1
0,1,1,0,0,0,0,1,1,1,0,0,1,0,0,0
0,0,1,0,0,0,1,0,0,0,1,1,1,1,0,0
1,1,1,1,1,1,0,1,1,1,1,0,1,0,1,1
0,1,0,0,0,1,0,1,0,1,0,1,1,1,1,0
0,1,0,0,0,1,0,1,1,1,0,1,1,1,0,0
1,1,1,1,1,1,1,1,1,0,1,1,0,1,0,1
0,0,1,1,1,0,0,1,1,1,1,1,1,1,1,1
1,0,0,1,0,1,0,0,1,1,1,0,0,0,0,0
1,1,0,1,1,1,0,1,1,0,1,1,1,1,1,1
0,1,0,1,0,0,0,1,0,1,0,1,1,0,1,0
1,0,1,0,0,1,0,0,1,1,0,1,1,0,1,0
0,0,1,1,0,1,1,0,1,1,1,1,1,1,1,1
0,0,0,0,0,0,0,1,0,0,1,0,0,1,0,0
1,1,0,0,1,1,0,1,1,1,1,1,1,1,0,1
0,0,0,0,0,0,1,1,0,0,1,0,1,1,0,0
0,1,0,0,1,1,1,1,0,1,1,1,1,1,1,1
1,1,1,0,0,1,1,1,1,0,1,1,1,1,1,1
0,0,0,0,1,0,1,1,0,0,0,1,1,1,1,0
1,1,0,1,1,0,1,1,1,1,1,1,1,0,1,1
0,1,0,1,1,1,1,1,1,1,1,0,1,1,0,1
1,1,1,1,0,1,1,0,1,0,1,0,1,1,1,1
1,1,1,1,0,1,1,1,1,0,1,1,0,1,1,1
1,1,1,1,1,1,1,0,1,0,1,1,1,1,0,1
0,0,1,0,0,1,0,0,1,0,0,0,0,1,0,0
0,1,0,0,0,1,0,0,0,0,1,1,0,1,1,0
1,1,1,1,1,0,1,0,1,0,1,1,1,1,1,1
0,0,0,0,0,0,1,1,1,1,1,1,1,0,1,0
0,0,1,1,1,1,1,0,0,1,1,1,1,1,1,1
0,0,0,0,0,1,1,1,0,1,0,0,0,1,1,0
0,0,1,0,0,0,0,1,1,1,0,0,1,1,0,0
0,0,0,0,0,1,0,0,1,0,1,1,1,0,0,0
0,0,0,0,1,1,0,0,1,1,0,1,1,1,1,0
1,0,0,0,0,1,1,1,0,1,0,0,0,0,1,0
1,0,0,1,0,0,1,1,1,1,0,1,1,0,0,0
0,1,0,0,0,1,1,0,0,0,1,1,0,1,0,0
1,0,0,0,0,0,0,0,0,0,0,1,1,0,0,0
0,0,0,0,0,1,1,1,0,0,0,1,1,0,1,0
0,0,1,1,0,0,0,1,0,1,0,1,1,1,0,0
1,0,1,0,1,1,0,0,0,0,0,1,1,0,0,0
1,1,0,1,1,1,0,1,1,1,1,1,1,0,1,1
1,1,1,0,1,0,1,1,1,1,1,1,1,0,1,1
1,0,0,0,0,1,1,1,1,1,0,1,0,0,0,0
0,1,0,0,0,0,1,0,0,1,1,1,0,1,1,0
0,0,0,1,1,0,1,1,0,1,1,1,1,1,1,1
0,0,1,0,0,0,0,1,0,1,0,1,1,1,0,0
0,0,0,0,0,0,1,1,1,1,1,0,0,1,1,0
0,0,0,0,1,1,1,1,0,1,1,0,0,1,1,0
1,0,0,1,1,1,1,1,1,1,1,1,1,0,1,1
1,0,0,1,0,0,1,1,0,0,1,1,1,0,1,0
0,0,0,0,0,0,0,0,0,0,0,1,1,0,1,0
0,0,1,1,0,0,1,1,1,0,1,0,1,0,0,0
0,0,1,0,0,0,0,1,1,1,1,0,1,1,0,0
0,1,0,0,1,1,0,0,1,1,1,0,1,0,1,0
0,1,1,0,0,1,1,1,1,1,0,1,1,1,1,1
1,0,0,0,0,0,1,0,1,0,0,1,0,1,1,0
1,1,1,1,1,1,1,1,0,1,1,0,0,1,1,1
0,0,1,1,0,1,0,0,1,0,1,1,0,0,0,0
0,0,0,0,0,0,1,1,1,1,0,1,0,1,0,0
0,0,0,0,0,0,1,0,0,1,0,1,1,1,1,0
0,0,1,1,0,0,0,0,1,0,0,0,1,1,1,0
1,1,0,0,0,0,1,1,0,1,0,1,0,1,1,0
1,1,1,1,1,1,1,1,1,1,1,0,0,0,1,1
0,0,0,0,1,1,0,0,1,0,1,0,0,1,1,0
0,1,1,0,1,1,0,0,0,0,1,0,1,0,1,0
0,0,0,0,1,1,1,0,1,1,0,0,1,1,0,0
1,0,1,1,1,1,1,0,0,1,0,0,1,1,0,0
1,1,1,0,1,0,1,1,1,1,1,1,1,1,1,1
0,1,0,0,0,1,1,1,1,1,0,1,1,1,1,1
0,0,0,0,0,1,0,1,0,0,1,0,0,1,0,0
0,0,0,0,0,0,1,0,0,0,1,1,1,1,1,0
0,0,1,1,1,1,1,1,0,0,1,1,1,0,1,0
1,1,0,1,1,1,1,1,0,1,0,1,1,1,1,1
0,1,1,1,1,1,1,0,0,1,1,1,1,1,1,1
1,0,1,1,0,1,1,1,1,1,0,1,1,1,1,1
0,1,1,1,1,1,1,0,1,1,1,1,1,1,0,1
0,0,0,0,0,0,1,1,0,0,1,1,0,1,0,0
1,1,1,1,1,1,0,1,1,1,1,0,1,1,0,1
1,0,0,0,0,1,0,0,1,0,0,0,1,1,0,0
0,1,1,0,1,0,0,1,0,0,1,0,0,0,1,0
0,0,1,0,0,0,0,0,0,0,1,0,0,0,0,0
0,0,0,0,1,1,0,1,1,1,1,0,1,0,0,0
0,0,1,0,0,1,0,1,1,0,1,0,1,0,1,0
0,0,1,0,1,1,1,1,0,0,1,0,1,0,1,0
0,0,1,1,1,1,1,0,1,0,1,0,0,0,1,0
1,0,0,0,0,1,1,0,0,0,0,1,0,0,1,0
0,0,0,1,0,0,0,1,1,0,1,0,0,1,1,0
0,1,0,0,0,0,0,0,0,0,1,1,0,1,0,0
0,0,0,0,0,0,1,0,1,1,1,1,1,1,1,0
1,0,0,0,0,1,0,1,0,0,0,1,1,0,0,0
0,0,0,0,0,1,1,0,1,0,0,0,1,1,1,0
1,1,1,1,0,0,1,1,1,1,1,0,1,1,0,1
0,0,0,0,0,0,1,1,0,0,0,0,1,0,1,0
0,0,0,0,0,0,0,0,1,0,1,0,1,0,1,0
0,0,0,1,0,0,1,0,1,1,0,1,1,0,0,0
1,1,0,1,0,0,0,0,1,0,1,1,0,0,0,0
0,0,0,0,1,0,1,0,0,0,0,1,0,0,0,0
0,1,1,0,1,1,1,1,1,1,1,1,0,1,1,1
0,0,0,0,0,1,1,1,0,0,1,0,1,1,0,0
0,0,0,1,0,0,0,0,0,1,0,1,1,1,0,0
1,1,1,0,0,1,1,1,1,0,0,1,1,1,0,1
0,0,1,1,1,1,1,1,1,1,1,1,1,1,0,1
0,0,1,0,1,1,1,1,1,1,1,1,1,1,1,1
0,1,0,0,0,0,0,0,0,1,1,1,0,0,0,0
1,1,1,1,1,1,0,1,1,1,1,0,1,1,1,1
0,1,0,1,0,1,0,1,1,1,1,1,1,0,0,1
0,1,0,1,0,1,0,0,0,0,0,1,1,0,1,0
1,0,0,0,0,0,0,0,1,0,0,1,1,0,1,0
1,1,1,1,1,1,0,1,1,0,1,1,1,1,1,1
0,0,0,0,0,1,1,1,0,1,0,1,0,0,0,0
1,0,0,1,1,1,0,1,1,1,1,0,1,1,0,0
0,0,0,1,1,0,1,1,1,1,1,1,1,1,1,1
0,0,0,1,0,1,0,0,1,1,1,0,0,1,0,0
0,1,0,1,0,0,1,1,0,1,0,0,0,1,0,0
1,0,1,0,1,1,1,1,0,1,0,0,1,1,1,1
0,1,0,0,0,1,0,1,1,0,1,0,1,1,0,0
0,0,0,0,0,0,1,1,1,0,0,1,1,0,0,0
1,0,1,1,1,1,0,1,1,0,0,1,0,0,1,1
0,0,1,1,0,1,1,1,0,1,1,1,1,1,1,1
0,1,1,0,1,1,1,1,0,0,1,1,1,1,1,1
0,0,1,1,1,1,0,1,1,1,1,1,1,0,1,1
0,0,0,0,1,0,1,1,0,0,0,1,0,0,0,0
1,1,0,1,0,0,1,0,0,1,1,1,1,1,0,1
0,0,1,0,0,1,1,0,1,1,0,0,0,0,1,0
0,1,0,1,0,1,1,1,1,1,1,1,0,0,1,1
1,0,1,1,1,1,0,1,1,1,1,1,1,0,1,1
0,0,0,0,0,1,1,1,0,1,1,1,1,1,0,0
0,0,0,0,1,1,1,0,0,1,0,1,1,0,0,0
0,1,0,1,0,1,0,0,0,1,0,0,1,0,1,0
0,1,1,1,0,0,1,0,1,1,1,1,1,0,0,0
0,1,1,0,1,0,1,0,0,1,1,0,1,0,0,0
0,0,0,0,0,0,0,0,0,0,0,1,1,1,1,0
0,0,0,0,1,1,1,0,1,0,1,1,0,0,0,0
1,1,0,1,1,1,1,1,1,1,0,0,1,0,1,1
0,1,1,0,0,1,0,0,1,0,1,1,0,1,1,0
0,1,0,1,1,0,1,1,0,0,0,0,0,0,1,0
0,0,0,0,0,1,0,1,1,0,1,1,0,1,1,0
0,0,0,0,0,1,0,1,1,0,1,0,1,1,0,0
1,0,0,1,1,1,1,1,1,0,1,1,1,1,1,1
1,1,1,1,1,1,1,0,0,1,1,1,0,1,1,1
0,1,0,0,0,1,0,0,1,0,1,1,1,1,1,0
1,1,0,1,0,1,0,0,1,0,1,0,0,1,0,0
1,1,1,1,1,1,1,1,0,1,1,1,0,1,1,1
0,1,0,1,0,1,1,0,1,1,1,1,1,1,1,0
0,0,0,0,1,0,0,0,1,1,1,1,0,1,1,0
0,0,0,1,0,1,0,0,1,1,1,1,1,1,1,0
1,1,0,0,1,1,1,1,1,1,1,0,1,1,1,1
1,0,0,1,1,0,1,1,1,1,1,0,0,1,1,1
0,0,0,0,0,0,0,1,0,1,0,1,0,1,0,0
1,0,0,0,0,1,0,0,0,0,0,0,1,1,0,0
1,0,0,0,0,0,0,1,0,0,1,0,1,1,1,0
