fever,chills,body_ache,sore_throat,cough,runny_nose,fatigue,headache,muscle_pain,congestion,sneezing,loss_of_appetite,nausea,vomiting,dizziness,outcome
0,1,1,1,1,0,1,1,1,1,1,1,1,1,1,1
0,0,0,0,1,1,1,1,0,0,1,1,1,0,1,0
1,1,0,1,1,1,1,1,1,1,1,1,1,1,1,1
1,0,0,0,0,0,1,0,0,1,1,0,1,0,1,0
0,1,0,1,1,0,1,0,0,1,0,0,1,0,0,0
0,0,0,0,0,0,0,0,0,1,0,0,1,0,1,0
1,0,1,1,1,1,1,1,1,1,1,1,1,1,1,1
1,0,1,1,1,1,1,1,1,1,1,0,1,1,1,1
1,1,1,1,1,1,1,0,1,1,1,1,1,1,1,1
1,1,1,0,1,0,1,1,1,1,1,1,0,0,1,1
0,0,0,1,0,1,1,1,0,1,1,1,1,0,0,0
1,1,0,0,0,1,1,1,0,1,0,0,1,1,1,0
1,1,1,1,1,1,1,1,0,1,1,1,1,1,1,1
1,0,1,0,1,1,1,1,1,0,1,1,1,1,1,1
1,1,1,1,1,1,1,1,1,1,1,1,1,1,1,1
0,0,0,0,0,1,0,1,1,0,0,0,1,1,1,0
0,0,0,0,0,1,1,0,1,1,1,0,1,0,1,0
0,1,1,0,1,1,1,1,1,1,1,1,1,1,1,1
0,1,0,1,0,1,1,1,0,1,1,0,1,0,1,0
0,0,0,0,0,1,0,0,0,0,0,0,1,0,0,0
0,0,0,0,0,0,1,0,1,0,0,0,0,1,0,0
1,1,1,1,1,1,1,1,1,1,0,1,1,1,1,1
0,1,1,1,1,1,1,1,1,0,1,1,1,1,1,1
0,0,0,0,1,0,0,1,1,1,1,0,1,0,0,0
0,0,0,0,0,1,0,1,0,1,0,1,1,1,1,0
1,1,1,1,1,0,1,1,1,1,1,1,1,1,1,1
0,1,0,0,1,1,0,0,0,1,0,0,0,1,0,0
1,1,1,1,0,1,1,1,1,1,1,1,0,1,1,1
1,1,0,1,0,0,1,1,1,1,1,1,1,1,1,1
1,1,1,1,1,1,1,1,1,0,1,1,1,1,1,1
1,1,1,1,1,1,0,1,1,0,1,1,1,1,1,1
0,1,0,1,0,0,0,0,1,0,0,1,1,0,0,0
1,1,1,1,0,1,1,1,1,1,1,1,1,1,1,1
0,0,1,1,0,1,1,0,1,1,1,1,1,1,1,1
0,1,1,1,1,1,1,1,0,1,1,1,1,0,1,1
0,0,0,0,0,0,0,1,1,1,1,0,1,1,0,0
0,0,1,0,0,0,0,1,0,1,1,0,1,0,0,0
1,1,1,1,0,1,1,1,1,1,1,1,1,1,0,1
1,1,0,1,1,1,1,1,1,0,1,1,1,0,1,1
1,0,1,1,1,0,1,1,1,1,1,1,1,1,1,1
1,0,1,0,1,1,1,1,1,1,1,1,1,1,1,1
1,0,0,0,0,0,0,0,0,0,1,0,1,1,1,0
1,1,1,0,1,1,1,1,1,1,1,1,1,1,1,1
1,0,0,1,1,1,1,1,1,1,0,1,1,1,0,1
1,1,1,0,0,1,1,1,1,1,1,0,1,0,1,1
1,0,0,0,0,1,1,1,0,1,1,0,0,0,1,0
1,1,0,0,1,1,1,1,1,1,1,1,1,1,1,1
0,0,1,1,1,1,1,1,0,1,1,1,1,0,1,1
1,1,0,0,0,1,1,0,1,1,1,1,1,1,1,1
1,1,0,1,1,1,1,1,1,1,1,0,1,1,1,1
0,0,1,0,1,1,1,0,0,1,1,1,1,1,1,0
1,1,1,1,1,1,1,0,1,1,1,1,0,1,1,1
1,1,1,1,1,1,0,1,1,1,1,1,1,1,1,1
1,1,1,1,1,1,1,1,1,0,1,1,0,1,0,1
1,1,1,1,1,1,1,1,1,1,1,1,0,1,1,1
0,1,1,0,1,1,1,0,1,1,0,1,1,0,1,1
1,0,1,1,0,0,1,1,1,1,1,1,1,1,1,1
0,0,0,0,1,1,1,0,1,1,1,1,1,1,1,1
0,0,0,0,0,0,0,1,0,1,1,1,1,0,0,0
0,1,1,0,0,1,0,1,1,1,1,1,0,0,0,0
1,0,0,0,0,0,1,0,1,1,1,1,1,1,1,0
1,1,0,1,1,1,1,1,0,1,0,1,1,1,1,1
1,0,1,1,1,1,1,1,0,1,1,1,1,1,1,1
1,0,0,1,0,0,1,1,0,1,1,1,0,1,0,0
1,1,1,0,1,1,1,1,1,1,1,1,0,1,0,1
0,1,1,1,0,1,1,1,1,0,1,1,1,1,1,1
1,0,0,1,1,1,1,1,1,0,1,1,1,1,1,1
0,1,1,0,1,0,1,1,0,1,1,1,1,1,1,1
0,1,1,1,1,1,0,1,1,1,1,1,0,1,0,1
1,1,0,1,1,0,0,1,1,1,1,1,1,1,1,1
1,1,1,1,1,1,0,1,1,1,1,1,1,0,1,1
0,0,0,0,0,0,0,1,1,0,0,1,0,0,0,0
0,1,1,1,1,1,1,1,1,1,1,1,1,1,1,1
0,0,0,0,0,1,1,1,1,1,0,1,1,1,0,0
0,1,0,0,0,1,0,0,0,1,1,1,0,0,1,0
0,0,0,0,0,1,1,1,0,0,1,1,1,1,0,0
1,0,0,1,0,1,1,1,1,0,0,1,1,1,0,0
1,1,1,0,1,1,1,0,1,1,1,1,1,0,1,1
0,0,1,0,1,0,0,1,1,0,1,1,0,1,0,0
0,0,0,0,0,1,0,1,0,0,1,1,0,0,1,0
0,0,1,0,0,0,0,0,0,0,0,0,0,1,0,0
0,0,1,0,0,1,1,0,1,1,1,0,0,0,0,0
1,1,1,1,1,1,1,1,1,1,1,1,1,1,0,1
0,0,0,0,0,1,1,0,1,1,1,0,0,1,0,0
0,1,1,1,0,1,0,1,1,1,1,1,1,1,1,1
1,0,0,0,0,0,0,0,0,1,0,1,1,0,0,0
0,0,0,1,0,0,1,1,0,0,0,1,0,1,0,0
0,0,0,0,0,0,0,0,0,1,0,1,0,0,0,0
1,0,1,0,0,1,1,1,1,1,1,1,1,1,1,1
1,1,1,1,1,1,1,0,1,1,1,1,1,0,1,1
0,1,1,1,1,1,1,1,1,0,1,1,1,0,1,1
1,1,1,0,0,1,1,1,1,1,1,1,1,1,1,1
1,1,1,0,0,0,1,0,1,1,0,0,1,0,1,0
0,0,0,0,0,0,1,0,0,0,0,0,1,1,0,0
1,0,0,0,0,0,0,1,0,0,0,0,0,1,0,0
1,0,1,0,0,1,1,1,0,1,1,1,0,1,0,0
0,1,1,1,0,1,1,1,1,1,0,1,1,1,1,1
1,1,1,0,1,0,1,1,1,1,1,1,1,1,1,1
1,1,1,1,1,1,0,1,1,1,1,1,0,0,1,1
0,1,0,0,0,0,0,0,1,1,0,1,0,0,0,0
1,1,1,1,0,1,1,1,1,1,0,0,0,1,1,1
0,1,0,0,0,0,1,1,1,1,1,0,0,0,0,0
0,1,0,1,1,1,1,1,1,1,1,1,1,1,1,1
1,1,1,1,1,1,1,1,1,1,0,0,1,1,1,1
0,0,1,0,0,1,1,1,0,0,0,0,0,1,0,0
1,1,1,1,0,1,1,1,1,1,1,0,1,1,1,1
1,1,1,1,1,1,1,1,1,1,1,0,1,1,1,1
1,0,0,1,1,1,1,1,1,1,1,0,1,1,1,1
1,1,1,1,0,1,1,0,1,1,1,1,1,1,1,1
0,0,0,0,0,1,1,1,0,1,1,0,1,1,1,0
1,1,1,0,1,1,1,1,1,1,1,0,1,0,0,1
1,0,1,1,1,1,1,1,1,1,1,1,1,1,0,1
0,1,1,1,0,1,0,0,0,0,0,0,0,1,1,0
0,0,0,1,1,1,0,0,0,0,0,1,0,1,1,0
0,0,1,0,0,1,0,1,0,1,0,1,1,1,0,0
1,1,0,0,1,1,1,1,1,1,1,1,1,1,0,1
0,1,0,0,1,1,0,0,1,1,0,0,1,1,0,0
1,1,0,1,1,0,1,1,0,1,1,1,0,1,1,1
1,0,1,1,0,1,0,0,0,0,1,0,0,0,1,0
1,1,1,0,0,1,1,0,1,1,1,1,1,1,1,1
1,0,1,1,0,1,1,1,1,1,1,1,1,1,1,1
0,0,0,0,1,1,0,0,1,1,0,0,0,0,0,0
1,1,1,1,1,1,1,1,1,1,0,1,1,0,1,1
1,1,1,1,1,1,1,0,1,0,0,1,1,1,1,1
1,1,1,1,1,1,1,1,1,1,1,1,0,0,1,1
0,1,0,0,0,1,0,1,0,1,1,1,1,0,1,0
0,0,0,0,1,0,0,1,1,1,0,1,0,0,0,0
0,0,0,0,0,0,1,0,0,0,0,1,0,0,0,0
0,1,1,1,0,1,1,1,1,0,1,0,1,0,0,0
0,0,0,1,0,0,1,0,1,1,0,0,0,0,1,0
0,1,0,1,0,1,1,1,1,1,1,1,1,0,0,1
1,1,0,1,0,1,1,0,1,1,1,1,1,1,1,1
1,0,0,0,0,0,1,0,1,0,1,1,1,1,0,0
1,1,1,1,0,1,0,1,1,1,0,1,1,1,1,1
1,1,1,0,1,1,1,1,1,1,1,0,1,1,1,1
1,1,1,1,1,1,1,1,1,1,1,0,0,1,1,1
1,1,1,1,1,1,1,1,1,1,1,1,1,0,0,1
1,1,1,1,1,0,1,1,1,1,1,1,1,0,1,1
0,1,0,1,1,1,0,1,1,1,1,1,1,1,1,1
1,1,1,1,1,1,0,1,1,1,1,0,0,1,1,1
0,1,0,1,1,1,1,1,1,1,1,1,1,0,1,1
0,1,0,1,1,0,1,1,1,1,1,1,1,1,1,1
1,0,1,1,0,0,1,1,1,1,1,1,0,1,1,1
0,0,0,0,0,0,0,0,0,0,0,0,0,1,1,0
0,1,1,1,1,1,1,1,0,1,1,1,1,1,1,1
1,1,1,0,0,1,1,1,0,0,0,1,1,0,1,0
0,0,0,0,0,1,1,0,0,0,1,0,0,1,0,0
1,1,1,0,1,1,1,1,1,1,0,1,1,1,1,1
0,0,0,0,1,0,0,1,1,1,1,0,0,1,0,0
1,1,0,1,0,1,1,1,1,1,1,1,1,1,0,1
1,1,1,1,1,1,1,1,1,0,0,1,1,1,0,1
1,0,0,1,1,1,1,1,1,1,1,1,1,1,1,1
0,0,0,0,1,1,0,0,1,0,0,1,0,0,0,0
1,1,1,0,0,1,1,1,1,1,1,1,1,0,0,1
0,1,0,0,1,1,1,0,0,1,1,1,1,0,0,0
1,0,0,0,1,0,0,1,0,1,1,0,1,1,0,0
1,0,0,1,1,1,1,1,1,1,1,1,1,0,1,1
0,0,0,0,0,1,1,1,1,1,0,1,1,0,0,0
0,0,0,0,1,1,0,0,1,0,0,1,1,0,1,0
0,0,0,0,1,0,1,1,0,0,0,0,0,0,0,0
1,0,1,0,1,1,1,1,1,1,1,1,1,1,0,1
0,1,0,0,0,1,0,0,1,0,0,1,0,0,1,0
1,1,1,1,0,1,1,1,0,1,0,1,1,1,1,1
0,0,1,1,0,0,1,1,1,0,0,0,1,0,1,0
0,0,0,1,0,0,0,0,1,1,0,1,1,1,0,0
1,1,1,1,0,1,1,1,0,1,1,1,1,0,1,1
1,1,1,0,0,0,1,1,1,1,1,1,1,1,1,1
0,0,0,0,0,1,1,0,0,1,0,1,1,1,1,0
0,0,0,0,0,0,0,1,1,1,1,1,0,1,0,0
1,1,0,1,1,1,0,1,0,1,1,1,0,1,1,1
1,1,1,0,0,1,1,0,1,1,0,0,1,0,1,0
1,0,0,1,1,1,1,1,0,0,1,1,1,1,1,1
0,0,1,0,0,0,1,0,0,1,0,0,1,0,0,0
0,0,0,0,0,0,0,0,0,1,0,0,0,1,1,0
0,0,0,0,1,1,1,1,0,1,0,1,1,0,1,0
1,0,1,1,1,1,1,1,1,0,1,1,1,1,1,1
1,1,1,1,1,0,1,0,1,1,1,1,1,1,1,1
1,1,1,1,1,1,0,0,1,1,1,1,1,1,1,1
0,1,0,1,1,1,1,0,1,0,1,0,1,0,1,0
1,0,0,0,0,1,0,1,1,1,0,1,1,1,0,1
0,0,0,0,0,1,0,1,0,1,1,0,1,1,1,0
1,0,0,1,1,0,1,1,1,1,1,1,1,0,1,1
1,0,0,0,0,0,1,1,1,1,0,1,1,1,1,0
0,0,0,0,1,0,0,0,0,1,1,0,1,1,0,0
1,0,1,1,0,1,0,0,0,0,1,0,1,1,1,0
1,1,1,1,0,1,1,1,0,1,1,1,1,1,1,1
1,0,1,0,0,0,1,1,1,0,1,0,0,0,0,0
1,1,0,1,0,1,1,1,1,1,1,1,1,1,1,1
0,1,1,1,1,1,1,1,0,1,0,1,1,1,1,1
0,0,0,0,0,0,0,1,1,1,0,0,0,1,1,0
1,0,1,1,1,0,0,1,1,0,1,1,0,1,1,1
0,0,0,1,0,1,1,1,1,0,0,0,1,0,0,0
0,0,0,0,0,0,1,1,1,0,0,1,1,0,0,0
1,1,1,1,1,1,1,1,1,1,0,0,1,1,0,1
0,0,0,0,1,0,1,0,0,0,0,1,0,1,1,0
0,1,0,1,1,1,1,1,1,0,1,1,1,1,1,1
1,1,1,0,0,1,1,0,1,1,1,1,1,0,1,1
1,1,0,1,1,0,1,1,1,1,1,1,1,1,1,1
0,0,0,1,0,1,1,0,1,0,1,0,1,1,1,0
0,0,0,0,0,1,1,0,0,0,1,1,1,0,0,0
1,1,1,0,1,1,1,0,1,0,1,0,1,0,1,1
1,0,1,0,0,1,1,1,1,1,1,1,1,0,1,1
0,0,1,0,1,1,1,1,1,1,1,1,1,1,1,1
0,1,0,1,1,1,1,1,1,1,1,1,0,1,0,1
1,1,1,1,1,1,1,1,1,1,1,0,1,0,1,1
0,0,0,0,0,1,0,0,1,1,1,1,0,0,0,0
0,0,0,0,0,0,1,1,0,0,1,1,1,1,1,0
0,0,1,0,0,0,1,0,0,0,1,0,1,1,1,0
0,1,1,0,1,0,0,0,0,0,0,1,0,0,1,0
0,0,0,1,0,1,0,1,1,0,1,1,0,1,0,0
0,0,0,0,0,1,1,1,0,1,1,0,0,1,0,0
1,0,0,1,1,1,0,1,1,1,1,1,1,1,1,1
1,0,1,1,1,0,1,1,1,0,1,0,1,1,1,1
0,1,0,0,0,1,1,1,1,1,1,1,0,0,1,0
0,0,0,1,1,1,0,1,1,1,1,1,1,0,0,0
0,0,0,1,1,1,1,1,1,1,1,1,0,1,0,1
0,1,0,1,0,1,1,0,0,1,1,1,1,1,1,0
1,0,1,0,1,1,1,1,1,1,0,1,1,0,1,1
0,0,1,0,0,0,1,0,0,1,0,0,0,1,1,0
0,1,0,0,0,1,0,1,1,0,0,0,0,1,0,0
1,0,1,0,0,1,1,1,1,1,0,1,1,1,1,1
1,0,1,1,0,1,1,0,1,0,1,1,0,1,1,1
0,1,1,0,1,1,1,1,1,0,1,1,1,1,0,1
1,0,1,1,1,1,1,1,1,1,1,1,0,1,1,1
0,0,0,0,0,1,0,0,1,0,1,1,0,0,0,0
1,1,1,1,1,1,1,1,0,1,0,1,1,1,0,1
1,0,0,1,1,0,1,1,1,1,1,1,1,1,1,1
0,0,0,0,0,1,0,1,0,0,0,0,0,1,0,0
0,0,0,0,1,0,0,1,1,0,0,0,0,1,1,0
1,1,1,1,0,1,1,1,0,1,1,1,0,1,1,1
0,1,1,1,0,1,1,0,1,1,1,1,1,1,1,1
1,1,1,1,1,1,0,1,0,1,0,0,1,1,0,1
1,1,0,1,1,1,1,1,1,0,1,1,1,1,0,1
1,0,1,1,1,1,1,1,1,1,1,1,0,0,1,1
1,1,1,0,1,1,1,1,1,0,1,1,1,1,1,1
1,0,0,1,0,0,1,1,1,1,1,0,0,1,1,0
0,0,1,0,0,1,0,1,0,1,0,0,0,1,0,0
0,1,0,0,0,0,0,0,1,0,0,0,0,1,1,0
0,0,0,0,0,0,0,0,0,0,1,0,0,1,0,0
1,1,0,1,1,1,1,0,1,1,1,0,1,1,1,1
1,1,1,0,1,1,1,1,1,1,1,1,1,1,0,1
0,0,0,0,0,0,0,0,1,0,1,0,1,1,1,0
1,0,1,0,1,1,1,1,0,0,1,1,1,1,1,1
0,1,1,1,0,1,1,1,1,1,1,0,1,1,1,1
1,1,1,1,0,1,1,1,1,1,0,1,1,1,1,1
0,0,0,0,0,0,0,1,0,1,1,1,0,1,1,0
1,1,1,1,0,1,1,0,1,1,0,0,1,0,1,1
0,0,0,1,0,0,0,0,1,1,0,0,0,0,0,0
0,0,0,0,0,0,1,1,1,0,0,1,0,0,1,0
0,1,0,1,1,1,1,0,1,1,1,1,1,1,1,1
1,1,1,0,1,1,1,0,1,0,0,1,1,1,1,1
0,0,0,0,1,0,0,1,1,1,0,0,1,0,0,0
1,1,1,1,1,1,1,1,1,0,1,1,0,1,1,1
1,0,0,0,0,0,0,1,0,0,1,1,0,0,0,0
1,0,1,0,1,1,1,1,1,1,1,0,1,1,1,1
0,1,1,0,1,1,1,1,1,1,1,1,1,1,0,1
0,1,0,1,1,1,1,1,1,1,1,0,0,0,1,1
0,0,0,1,0,0,0,0,0,0,1,1,0,0,0,0
1,1,1,1,0,0,1,0,1,1,1,1,1,1,1,1
1,0,1,1,0,0,0,0,1,1,0,0,0,0,0,0
0,0,1,1,0,1,1,1,0,0,0,0,1,0,1,0
1,1,1,0,0,1,0,1,0,1,1,1,0,1,1,1
1,1,1,1,0,0,1,1,1,1,1,1,1,0,1,1
1,1,1,1,0,1,1,1,1,0,1,1,1,1,1,1
0,0,1,0,0,1,1,1,1,0,1,1,0,1,0,0
1,1,1,1,0,0,1,1,1,1,0,1,1,1,1,1
1,0,1,0,0,1,1,1,1,1,1,1,0,1,1,1
1,1,0,1,1,1,1,1,0,1,1,1,1,1,1,1
0,0,0,0,0,0,1,1,0,0,0,0,1,0,0,0
1,0,0,0,1,1,1,0,0,1,0,0,0,0,0,0
0,1,0,0,0,1,0,0,0,1,1,1,0,1,1,0
0,0,0,0,0,1,0,0,1,1,1,0,0,1,1,0
0,0,0,0,0,1,1,1,0,0,1,0,0,1,0,0
1,0,1,1,0,1,1,1,1,0,1,1,0,1,1,1
0,0,0,1,0,0,0,1,1,1,1,0,0,0,1,0
1,0,0,0,0,1,1,0,0,1,0,0,1,0,1,0
1,0,0,0,0,0,1,1,0,0,0,1,0,1,1,0
1,1,0,1,1,1,1,1,1,1,1,1,1,1,0,1
0,0,0,0,1,1,0,0,0,0,0,0,0,0,0,0
0,0,1,1,1,1,1,1,1,1,1,1,1,1,1,1
0,0,0,1,0,0,0,1,1,1,1,1,1,1,0,0
0,0,0,0,0,1,1,1,0,0,0,1,1,0,0,0
1,1,1,1,0,1,1,1,1,1,1,1,1,0,1,1
0,1,1,1,0,0,1,0,1,1,1,1,1,0,1,1
1,0,0,1,1,1,1,1,0,1,1,1,1,1,1,1
1,1,1,0,1,1,0,1,1,1,1,1,1,1,1,1
0,0,0,0,0,1,1,1,0,1,1,1,0,1,0,0
1,0,0,0,0,1,0,0,0,1,1,0,0,1,1,0
1,0,1,0,0,0,0,0,1,0,1,0,1,0,0,0
1,1,1,0,1,1,1,0,1,1,1,1,1,1,1,1
1,1,1,0,1,1,1,1,1,1,1,1,1,0,1,1
0,1,0,0,0,1,1,1,0,0,0,1,1,1,1,0
1,1,1,0,1,0,1,1,0,1,1,1,1,1,1,1
0,0,0,0,0,0,1,0,1,1,1,0,1,1,1,0
0,0,1,0,0,1,0,0,1,0,0,1,1,1,0,0
0,0,0,0,0,1,1,0,0,0,0,1,1,0,0,0
0,0,1,0,1,1,1,1,1,1,1,1,0,1,1,1
1,1,1,0,1,1,1,0,1,1,0,0,1,1,1,1
1,0,0,1,1,1,1,0,1,1,1,1,1,1,1,1
1,0,1,1,0,1,0,1,1,0,1,1,1,1,1,1
0,1,1,1,1,1,0,1,0,1,0,1,1,1,1,1
0,0,1,1,0,1,1,1,1,1,1,1,0,1,0,1
1,0,1,1,1,1,1,1,1,1,1,1,1,0,1,1
0,0,0,1,1,0,1,0,1,0,1,0,0,1,1,0
0,0,0,1,0,0,0,0,0,0,0,0,0,1,0,0
0,0,0,0,0,1,1,0,1,1,1,1,0,0,0,0
0,0,0,1,1,0,1,0,0,0,0,1,0,1,0,0
1,1,1,0,1,1,1,1,0,1,1,1,1,1,1,1
1,1,1,0,1,1,1,1,1,1,1,1,0,1,1,1
1,0,0,0,0,1,0,0,1,1,0,1,0,0,1,0
0,0,0,1,1,0,1,0,0,0,1,1,1,1,1,0
1,1,1,1,1,0,0,1,1,1,1,1,1,1,1,1
1,1,0,1,1,1,1,1,1,1,1,1,0,1,0,1
0,0,0,1,1,1,1,1,1,1,0,1,1,1,1,1
1,0,1,1,1,1,0,1,1,1,1,1,1,1,1,1
1,1,1,0,1,1,0,1,1,1,0,1,1,1,1,1
1,1,1,1,1,0,1,1,0,1,1,1,1,0,1,1
0,0,1,0,0,1,0,1,1,1,1,0,1,0,0,0
0,0,0,0,1,0,1,1,0,1,1,1,0,1,1,1
0,1,0,0,0,1,0,0,0,0,1,0,1,1,1,0
0,0,0,1,1,0,1,1,1,0,1,0,0,1,0,0
1,1,1,0,0,1,1,1,1,1,1,0,1,1,1,1
1,0,0,0,0,1,1,0,1,0,1,1,0,0,1,0
0,0,0,0,0,0,1,0,1,1,0,1,0,1,0,0
1,1,0,1,1,1,1,1,1,1,0,1,1,1,1,1
1,0,1,1,0,1,1,1,1,1,0,1,1,1,1,1
0,0,1,0,0,1,0,0,0,0,1,0,0,1,0,0
1,1,1,1,0,0,1,1,1,1,1,1,1,1,1,1
0,0,1,0,0,0,1,1,0,1,0,0,1,0,0,0
0,1,1,1,1,1,1,1,1,1,1,1,0,0,1,1
0,1,1,1,1,1,0,1,1,1,1,1,1,1,0,1
0,0,0,1,1,1,1,1,1,1,1,1,0,1,1,1
0,0,0,0,0,0,0,0,1,1,0,0,1,0,1,0
1,1,0,1,1,0,1,1,1,0,1,1,1,1,1,1
1,1,0,1,1,1,1,1,0,0,1,1,1,1,1,1
0,0,0,0,1,1,0,1,1,0,1,0,0,0,0,0
0,1,1,0,1,1,0,1,1,1,1,1,1,1,1,1
1,0,0,0,0,1,1,0,0,1,1,1,0,0,0,0
1,0,1,1,1,1,1,0,1,1,1,1,1,1,1,1
1,1,1,1,1,0,1,1,1,1,0,1,1,1,1,1
1,1,0,1,0,1,0,0,1,1,1,0,1,1,0,1
1,1,1,1,1,1,1,1,1,1,1,1,1,0,1,1
0,1,1,1,1,1,1,1,1,1,1,1,1,0,1,1
0,1,0,1,1,1,1,1,0,1,1,1,1,1,1,1
0,0,0,1,1,1,0,1,1,1,1,1,1,1,1,1
1,1,1,1,1,1,1,1,1,1,0,1,0,1,1,1
1,1,1,1,1,1,0,0,1,1,1,1,0,1,1,1
0,0,1,1,0,1,1,1,1,0,1,1,1,0,1,0
1,0,1,0,0,0,0,1,1,1,0,1,0,1,1,0
1,1,0,1,1,1,1,1,1,0,1,0,1,1,1,1
0,0,0,1,0,1,1,0,0,1,1,0,0,1,1,0
0,1,1,0,0,1,1,1,1,1,0,1,1,1,1,1
1,1,1,1,1,0,1,1,0,0,1,1,0,1,1,1
0,1,0,0,0,0,0,1,0,1,1,1,0,1,0,0
0,1,1,1,1,1,1,1,1,1,0,1,1,1,1,1
0,0,0,0,0,1,0,0,1,0,1,1,1,0,0,0
0,0,0,0,0,0,1,1,0,1,1,0,1,1,0,0
0,0,0,1,0,1,1,0,0,1,1,1,0,0,0,0
0,0,0,1,0,1,0,0,0,1,0,0,0,1,0,0
0,0,0,1,0,0,0,1,0,0,1,1,1,0,1,0
1,1,1,1,1,1,1,1,1,0,1,1,1,0,1,1
1,1,1,0,0,1,1,1,1,1,1,1,1,1,0,1
1,1,0,0,1,1,1,1,1,1,1,0,1,1,0,1
0,1,1,1,1,1,1,1,1,0,1,1,0,1,1,1
0,1,1,0,1,0,0,1,1,1,0,1,1,1,1,1
0,1,0,0,0,0,0,1,1,1,0,0,1,1,0,0
0,0,0,0,0,0,0,0,0,1,1,0,0,0,1,0
1,0,0,0,0,0,0,1,1,0,0,1,1,1,1,0
0,0,1,1,1,1,1,1,1,1,1,1,1,1,0,1
0,0,0,0,0,1,1,1,1,0,0,1,1,1,0,0
1,1,1,1,1,1,1,1,1,1,0,1,1,1,0,1
1,0,0,0,0,1,1,1,0,1,0,1,0,0,0,0
0,1,1,1,1,0,1,1,1,1,1,0,1,1,1,1
1,0,0,1,0,0,0,0,0,0,0,0,1,1,1,0
0,1,1,1,1,1,1,1,1,1,1,0,1,1,1,1
1,0,1,0,0,1,0,1,0,1,0,0,1,1,0,0
1,0,1,0,1,0,0,1,1,1,0,1,0,0,0,0
0,0,1,0,1,1,1,0,1,1,1,1,1,0,0,0
1,1,1,0,1,0,1,1,1,1,1,1,1,1,0,1
0,1,0,1,0,1,0,1,1,0,1,0,1,0,1,0
0,0,0,1,1,1,1,1,0,1,1,0,1,0,0,0
0,1,1,1,0,1,1,1,1,1,1,1,0,1,1,1
1,0,0,1,0,1,0,1,1,0,0,1,0,1,0,0
0,1,1,1,1,1,1,1,1,1,0,1,0,0,1,1
1,0,0,0,0,1,0,1,0,1,0,1,0,0,1,0
0,0,0,0,0,1,1,0,1,1,0,1,1,0,1,0
0,0,0,1,1,1,0,1,0,1,1,0,1,1,1,0
0,0,0,0,1,0,0,0,1,0,1,0,0,0,1,0
0,0,0,0,0,1,1,1,1,1,1,0,0,1,0,0
0,0,1,0,0,0,0,1,1,0,0,0,0,1,0,0
1,0,1,1,1,0,0,1,0,1,1,1,1,0,1,1
0,0,1,1,0,1,1,1,0,0,1,1,0,1,1,0
0,0,1,0,0,1,0,0,1,1,1,0,1,1,1,0
1,0,1,1,1,1,1,1,1,1,0,1,1,1,1,1
0,1,0,0,0,0,1,0,1,1,1,1,1,1,1,0
1,1,1,1,0,1,1,1,0,1,0,0,1,1,0,1
1,1,1,0,0,1,1,1,0,1,1,0,1,1,1,1
0,0,0,0,0,0,0,0,1,0,0,1,1,1,0,0
1,1,1,1,1,1,1,0,0,0,1,1,1,1,1,1
0,0,0,1,0,0,0,0,0,0,1,1,1,1,1,0
0,1,0,1,0,1,1,0,0,0,0,0,0,1,1,0
1,1,1,1,0,1,1,1,1,0,1,0,0,1,1,1
1,0,0,0,1,1,1,1,1,0,1,0,1,1,1,1
1,1,1,1,0,0,1,1,1,1,1,1,0,1,1,1
0,0,0,1,0,1,0,1,0,1,1,0,1,1,0,0
0,1,0,0,1,0,0,0,0,0,1,1,1,0,1,0
1,1,0,1,0,1,0,0,0,0,0,1,0,0,0,0
1,1,0,0,0,1,1,1,1,1,1,1,1,1,1,1
1,1,0,1,1,1,1,0,0,1,1,1,1,1,1,1
0,1,0,0,0,0,1,1,0,1,1,0,0,0,0,0
0,0,1,0,0,0,0,1,0,0,1,0,0,1,0,0
0,1,0,0,0,1,0,1,1,0,0,1,0,0,0,0
0,0,0,0,0,1,0,1,1,0,0,1,1,1,1,0
0,1,1,1,1,1,0,1,1,0,1,1,0,1,1,1
0,0,0,0,0,1,0,0,0,0,0,1,0,1,0,0
0,1,1,0,0,1,1,1,1,1,0,1,0,1,0,0
1,1,1,1,0,1,0,1,0,1,1,1,1,1,1,1
1,1,0,0,1,1,1,1,1,1,0,1,1,1,1,1
0,0,1,1,1,1,1,1,1,1,0,1,1,1,1,1
0,0,0,0,0,0,1,0,0,1,0,1,0,1,0,0
0,1,1,1,1,1,1,0,1,1,1,1,1,1,1,1
1,0,1,1,0,1,1,0,1,1,1,1,1,1,0,1
0,0,0,1,0,1,0,0,0,1,0,0,1,0,1,0
0,1,0,1,1,0,0,1,1,0,1,1,1,1,1,1
0,0,0,0,0,1,0,0,0,0,0,1,1,1,1,0
1,1,0,1,1,1,1,1,1,1,1,1,0,1,1,1
0,0,0,0,0,1,1,1,0,1,0,0,0,1,0,0
0,0,0,0,1,0,1,1,1,1,0,1,0,0,1,0
1,0,0,0,0,0,0,1,0,0,1,1,0,1,1,0
0,0,0,0,0,0,0,0,1,0,0,1,0,1,0,0
1,0,1,0,1,1,1,1,1,1,1,1,0,1,1,1
1,1,1,1,1,1,1,1,0,1,1,1,1,1,0,1
1,0,0,0,1,1,1,1,1,0,1,0,0,1,0,0
0,0,0,0,0,0,0,1,0,0,1,0,0,1,0,0
1,1,1,1,1,0,1,1,1,1,1,1,0,1,1,1
0,1,1,1,1,1,1,1,1,1,0,1,0,1,1,1
0,1,1,1,1,1,1,1,1,1,0,0,1,1,1,1
0,0,0,0,0,1,0,1,1,0,1,1,0,0,1,0
1,1,0,1,1,1,1,0,0,1,1,1,1,1,0,1
1,0,0,0,0,0,1,0,1,1,0,0,1,0,1,0
0,0,0,1,0,0,1,0,1,1,0,1,1,0,1,0
0,0,1,1,0,0,0,0,0,0,0,0,1,0,0,0
1,1,0,1,1,1,1,0,1,1,1,1,0,1,1,1
0,0,0,0,0,0,0,0,1,1,1,0,0,1,0,0
1,1,1,1,1,1,1,0,1,1,1,1,1,1,0,1
0,1,1,1,1,1,1,1,0,1,1,1,0,1,0,1
0,1,0,0,0,1,1,1,0,1,0,1,0,1,1,0
1,0,0,1,1,1,1,0,0,1,0,0,0,0,1,0
0,1,1,0,0,1,1,1,1,1,1,0,0,1,1,0
0,1,1,0,1,0,0,1,0,0,1,0,0,1,1,0
0,1,1,1,1,1,1,1,1,1,1,1,1,1,0,1
0,0,1,0,0,0,0,0,1,1,1,0,1,1,0,0
1,1,1,1,1,1,1,1,0,1,1,1,1,0,0,1
0,1,0,1,0,0,1,1,0,0,0,1,0,0,0,0
0,1,0,0,0,1,1,1,0,0,1,0,1,1,0,0
0,0,0,1,1,1,1,1,1,1,1,1,1,1,0,1
0,1,0,0,1,0,1,0,0,1,0,0,1,1,1,0
0,1,1,1,1,1,1,0,1,1,0,1,0,1,1,1
0,1,1,0,0,0,0,0,0,1,1,1,1,0,1,0
1,0,1,1,1,1,0,1,1,1,1,1,1,1,0,1
0,0,1,0,0,1,0,0,0,1,0,0,0,1,0,0
0,0,0,0,0,0,1,1,0,0,1,1,1,0,1,0
1,0,1,0,1,1,1,1,0,1,0,0,1,1,0,0
1,0,0,0,1,1,1,1,1,1,1,1,1,1,1,1
1,1,0,1,1,1,0,1,1,1,1,1,1,1,1,1
1,1,1,1,0,1,0,1,1,1,1,1,1,1,1,1
0,0,0,1,0,1,0,1,1,1,0,1,0,1,1,0
1,1,0,1,1,1,1,1,1,0,1,1,1,1,1,1
0,0,0,0,0,0,1,0,1,1,1,1,0,0,1,0
1,0,1,1,0,1,1,0,1,1,1,1,0,1,1,1
0,0,0,0,0,1,0,0,0,1,1,0,0,1,1,0
0,0,0,0,0,0,1,0,1,1,0,0,1,0,1,0
0,0,1,1,0,1,0,1,1,0,0,0,0,0,1,0
0,0,0,0,0,0,0,1,1,1,0,0,1,1,0,0
1,1,1,0,0,1,1,1,0,0,1,1,1,1,1,1
1,1,0,1,0,1,0,1,1,1,0,1,0,1,1,1
0,0,0,1,0,1,0,0,0,1,1,1,0,0,0,0
1,1,0,1,1,1,1,1,0,1,1,1,1,1,0,1
0,0,0,0,0,0,0,1,0,0,0,0,0,1,0,0
0,0,1,0,0,0,0,1,0,1,0,0,1,0,1,0
1,0,0,0,0,1,0,1,1,0,1,1,1,0,0,0
0,1,0,1,1,0,1,0,1,1,1,1,1,1,1,1
0,0,0,0,1,0,1,0,1,0,1,1,0,0,1,0
1,1,0,0,1,1,1,0,1,1,1,1,1,1,1,1
1,1,1,1,1,0,1,1,1,0,1,1,1,1,0,1
0,0,1,1,0,1,1,1,1,1,1,1,1,0,1,1
0,0,1,1,1,1,1,1,0,1,1,1,1,1,1,1
1,1,1,0,1,1,0,1,1,1,1,0,1,1,1,1
1,1,1,0,1,0,1,1,1,1,1,1,1,0,1,1
0,0,0,1,0,1,0,0,1,1,0,0,0,1,0,0
0,1,0,1,0,0,1,1,0,1,0,1,1,1,1,0
0,1,0,1,0,1,1,1,1,1,1,1,1,1,1,1
1,1,0,0,1,1,1,1,1,0,1,1,1,1,1,1
0,0,0,1,1,1,1,1,1,1,1,0,1,1,1,1
1,0,0,0,0,1,0,1,1,1,0,1,1,1,1,0
0,0,1,1,1,0,1,1,1,1,1,1,1,1,1,1
0,0,0,0,0,0,0,0,0,0,0,0,1,0,0,0
0,1,1,1,1,1,1,0,1,0,1,1,0,1,1,1
1,1,1,1,1,0,1,1,1,1,1,1,0,1,0,1
1,1,0,0,0,1,1,1,1,1,1,1,0,1,1,1
0,0,1,0,0,0,0,0,0,0,0,0,0,1,1,0
0,0,0,0,0,0,1,1,1,1,0,0,1,0,0,0
0,0,0,1,1,1,0,1,1,1,1,1,1,0,0,1
0,0,0,0,0,0,0,0,1,0,0,0,0,0,1,0
0,0,0,1,1,1,1,1,0,1,1,1,1,1,1,1
0,1,0,1,1,1,1,0,1,1,1,1,1,0,1,1
1,0,0,0,0,0,1,0,1,0,0,0,0,0,1,0
1,0,1,1,0,1,1,0,1,1,1,1,1,1,1,1
1,1,1,1,1,0,1,1,0,1,1,1,1,1,1,1
1,0,1,0,1,0,1,1,1,1,0,1,0,1,1,1
1,1,1,0,0,1,0,1,1,1,1,1,1,1,1,1
0,0,1,0,1,1,1,1,1,0,0,1,1,1,0,1
1,1,1,1,1,1,1,1,0,0,1,1,1,0,1,1
0,1,1,1,1,1,1,1,1,1,1,1,0,1,1,1
1,1,0,0,1,0,0,1,0,1,0,0,0,0,0,0
1,1,0,1,1,1,1,1,1,1,0,1,0,1,1,1
0,0,0,0,0,0,0,1,1,0,1,1,0,0,0,0
1,1,0,0,1,0,0,1,1,1,0,1,0,1,0,0
1,1,0,1,0,1,1,1,1,1,1,0,1,1,1,1
0,0,0,0,1,1,1,1,1,1,1,0,0,1,1,0
0,1,1,1,1,1,0,1,1,1,1,1,1,1,1,1
1,1,1,1,1,1,1,1,0,1,1,1,0,1,1,1
1,1,0,1,0,1,0,1,0,1,1,1,1,0,1,1
0,0,0,0,0,0,1,0,1,0,1,1,1,1,1,0
0,0,0,1,1,0,0,0,1,0,0,1,0,1,0,0
0,1,0,0,0,1,1,0,1,1,0,0,1,0,1,0
0,0,0,0,1,1,0,0,1,1,1,0,0,1,0,0
1,1,1,1,0,1,1,1,1,1,0,1,0,1,1,1
1,0,1,1,1,1,1,1,1,0,1,0,1,1,1,1
0,0,0,0,1,0,1,1,0,0,1,1,0,1,1,0
0,0,0,0,0,1,0,0,1,0,0,1,1,0,0,0
1,1,0,1,1,1,1,0,1,1,1,1,1,1,1,1
1,0,0,0,1,0,1,0,1,1,0,0,1,1,1,0
0,0,0,1,0,1,1,0,1,1,1,0,1,0,0,0
0,0,0,0,1,0,1,1,0,0,0,0,1,0,0,0
1,1,1,1,0,1,1,1,1,1,0,1,1,1,0,1
1,1,0,0,0,0,1,0,0,1,0,0,0,1,0,0
1,0,0,1,0,1,0,1,0,1,1,0,1,0,0,0
0,0,0,1,1,1,0,1,0,1,1,1,1,1,1,1
1,0,0,0,1,0,1,1,1,0,0,0,0,0,1,0
1,1,1,1,1,1,1,0,1,1,1,0,1,1,0,1
0,1,1,0,1,0,1,1,1,1,1,1,1,0,1,1
1,0,0,1,0,1,0,0,1,0,0,0,1,0,0,0
0,1,1,1,1,1,0,0,1,1,1,1,1,1,1,1
1,1,0,0,0,0,1,0,0,1,0,1,0,1,1,0
1,0,0,0,0,0,1,1,0,0,1,0,1,0,0,0
1,0,0,0,0,1,0,1,1,1,1,0,0,1,1,0
0,0,0,0,0,1,1,0,1,0,0,0,1,1,1,0
1,1,0,0,1,0,1,1,0,1,1,1,1,1,1,1
0,0,0,0,0,0,1,1,1,0,1,1,0,1,1,0
0,0,0,0,1,0,0,0,0,0,0,1,0,0,1,0
1,0,1,1,0,1,1,1,1,1,1,1,1,0,1,1
0,0,1,0,0,0,1,0,0,1,1,0,0,1,0,0
0,0,1,0,0,1,1,1,0,0,0,1,1,0,1,0
0,0,0,1,0,0,1,1,1,1,0,1,1,0,1,0
0,0,0,0,0,1,0,0,0,0,1,0,0,0,1,0
0,0,0,0,1,1,1,1,0,1,0,1,1,0,0,0
1,0,0,0,0,1,0,0,1,1,1,0,0,1,1,0
0,0,0,0,1,0,1,1,1,1,0,0,0,1,1,0
1,1,1,1,1,0,1,0,1,0,0,0,0,1,0,0
0,0,1,0,0,1,1,0,0,1,0,0,0,0,0,0
1,1,0,0,1,1,0,1,0,0,0,0,0,0,1,0
0,1,0,0,1,1,1,1,1,0,1,1,1,1,0,1
0,0,0,0,0,1,0,0,1,0,0,1,1,1,1,0
0,0,0,1,0,0,0,0,1,0,0,1,0,0,1,0
1,1,0,0,0,1,1,1,1,1,1,1,1,0,1,1
0,0,0,1,0,1,1,1,1,0,0,0,1,1,1,0
0,1,1,1,0,1,1,1,1,1,1,1,1,0,1,1
0,0,1,0,0,0,1,1,0,0,0,0,1,0,1,0
1,1,1,1,1,0,0,1,1,1,1,1,1,1,0,1
1,1,0,1,1,1,0,1,1,1,1,1,1,1,0,1
0,1,1,0,0,0,1,0,0,1,0,1,0,0,1,0
1,0,0,0,0,0,0,0,0,0,1,1,1,1,0,0
1,1,1,1,1,1,0,1,1,0,0,0,1,1,0,1
1,1,0,0,1,0,1,0,1,1,1,1,1,1,0,1
1,0,0,1,0,1,0,1,1,0,1,1,1,1,1,1
0,0,1,1,0,1,1,1,1,1,1,1,0,0,1,0
0,0,1,1,1,1,1,1,1,1,1,0,1,1,0,1
0,1,0,0,0,1,0,1,1,0,0,0,0,0,0,0
1,1,0,0,1,0,1,1,1,1,0,1,1,1,0,1
0,0,1,0,0,1,1,0,0,1,1,0,0,0,0,0
1,1,0,1,0,1,1,1,1,0,1,1,1,1,1,1
0,0,0,1,0,1,1,1,1,1,1,1,1,1,1,1
0,0,1,0,0,0,1,1,1,0,1,1,0,1,1,0
1,1,1,0,1,1,1,1,1,1,0,1,1,0,1,1
1,0,0,0,0,0,0,1,0,1,0,1,0,0,0,0
0,0,0,0,0,1,0,1,1,1,0,1,1,1,0,0
1,1,1,1,0,1,1,0,1,1,1,1,1,1,0,1
1,1,0,0,0,1,0,0,0,0,1,1,0,1,1,0
1,0,0,0,0,1,1,1,0,1,1,0,0,1,0,0
1,0,1,1,0,1,1,1,0,1,1,1,1,1,1,1
1,1,1,1,1,1,1,0,1,1,1,0,1,1,1,1
0,0,0,1,0,0,1,0,1,0,1,1,0,1,1,0
1,1,1,0,0,1,0,0,1,0,0,0,1,0,1,0
0,0,1,0,0,0,0,0,0,1,0,0,1,0,0,0
0,0,1,1,0,1,1,0,1,1,0,1,1,0,0,0
0,0,0,0,0,0,1,0,0,0,1,0,0,0,1,0
1,1,1,0,0,1,1,1,1,0,1,1,1,1,1,1
0,0,0,0,0,1,0,1,1,0,0,1,1,1,0,0
1,1,0,0,0,1,1,1,1,1,1,1,1,1,0,1
0,0,1,0,1,0,1,0,1,0,0,0,1,1,1,0
1,1,1,1,0,1,0,1,1,1,1,1,0,1,1,1
1,0,1,1,1,1,1,1,0,0,1,1,1,1,1,1
1,0,1,0,0,0,0,0,0,0,1,1,1,0,1,0
0,0,0,1,0,1,1,1,1,1,1,1,0,1,0,0
1,1,1,1,1,1,1,0,1,1,1,0,0,1,1,1
1,1,1,0,1,1,1,0,1,0,1,1,1,1,0,1
0,1,1,1,0,0,1,1,1,1,1,1,1,0,1,1
0,0,0,0,0,0,0,1,0,0,0,0,1,1,1,0
0,0,0,0,0,0,0,0,0,0,1,1,0,1,1,0
0,0,0,0,0,0,1,1,0,1,1,1,0,1,0,0
0,0,0,0,1,1,1,0,0,1,0,1,0,0,1,0
0,0,0,0,0,1,0,1,0,1,0,1,1,0,1,0
0,1,0,0,0,0,0,1,1,1,1,0,0,0,1,0
1,1,0,1,1,0,0,0,1,1,1,1,0,1,1,0
0,1,0,0,0,1,1,0,1,1,0,1,1,0,1,0
1,1,1,1,1,1,0,1,1,1,1,1,1,1,0,1
0,0,0,0,0,0,1,0,0,1,1,1,1,1,1,0
0,1,1,1,1,1,0,1,1,0,1,1,1,1,1,1
0,0,0,0,0,1,1,0,0,0,1,0,0,1,1,0
1,0,1,0,1,1,1,1,1,1,1,1,0,0,1,1
0,1,0,1,1,1,0,0,1,1,1,1,1,1,1,1
1,0,0,0,0,0,1,0,0,1,1,1,0,1,0,0
0,0,0,0,0,0,1,1,1,1,1,0,0,1,1,0
1,0,1,1,0,1,1,1,1,1,1,1,1,1,0,1
0,1,0,0,0,1,1,1,0,1,1,0,0,1,0,0
0,0,1,0,0,0,0,0,1,1,1,0,0,0,1,0
0,1,0,0,0,1,1,1,1,0,1,1,0,1,1,1
1,1,1,1,0,1,0,1,1,1,1,1,1,1,0,1
0,0,0,0,0,1,0,1,0,1,1,1,1,0,1,0
0,0,0,0,0,1,0,0,1,0,0,0,1,0,1,0
0,1,1,0,1,1,1,1,0,1,1,1,1,1,1,1
1,0,1,1,0,1,1,1,1,1,0,1,0,1,1,1
0,0,0,1,0,1,1,1,0,1,0,1,0,1,1,0
1,1,1,1,1,0,1,1,1,0,1,0,1,1,1,1
1,1,0,0,0,1,0,1,0,1,0,1,0,0,0,0
0,1,0,0,0,1,1,0,0,1,1,0,0,0,1,0
0,1,1,1,0,1,1,1,1,1,1,1,1,1,1,1
0,0,0,1,0,0,1,0,0,1,0,1,1,1,0,0
0,1,1,1,0,1,1,1,1,1,1,1,1,1,0,1
0,0,0,0,1,1,0,0,0,0,1,1,0,0,0,0
1,1,1,1,1,1,1,1,1,1,1,0,1,1,0,1
1,1,1,0,1,1,1,0,0,0,1,1,1,1,1,1
1,1,1,1,1,1,1,1,0,1,0,1,1,0,1,1
1,0,0,1,1,1,1,1,1,1,0,1,1,1,1,1
1,0,0,0,0,1,1,0,1,0,1,0,1,0,0,0
1,0,0,0,0,1,1,1,1,1,1,0,1,1,0,0
0,1,1,0,1,1,0,1,1,0,1,1,1,1,1,1
0,1,0,0,1,1,1,1,1,1,1,0,0,1,1,1
1,0,0,0,0,1,1,0,1,0,0,0,1,1,1,0
0,1,1,1,0,1,0,0,0,0,1,1,0,1,1,0
0,0,0,1,0,1,1,1,0,0,0,1,0,1,0,0
0,1,0,0,0,0,0,0,0,0,1,0,0,1,1,0
0,0,1,1,0,1,1,1,1,1,1,1,0,1,1,0
0,0,0,0,0,0,0,1,0,0,1,1,1,1,1,0
1,1,1,1,1,1,1,1,1,0,0,1,1,1,1,1
1,1,1,1,1,1,1,0,0,1,1,1,1,1,1,1
0,0,1,0,0,1,1,1,1,1,1,0,1,1,1,1
1,1,0,1,0,1,1,0,1,1,1,0,1,1,1,1
1,0,0,1,1,1,1,1,1,1,1,1,1,1,0,1
0,1,1,1,0,1,1,0,1,1,0,1,1,1,1,1
1,0,0,0,0,1,0,0,0,0,0,1,1,1,0,0
0,0,0,0,1,1,0,1,0,1,1,0,0,1,0,0
1,0,0,1,0,1,1,1,1,1,1,1,1,1,1,1
1,1,1,1,1,0,1,1,1,1,1,0,1,0,1,1
1,1,0,1,1,1,1,0,0,1,0,1,0,1,1,1
0,0,0,1,0,0,1,0,0,0,1,1,1,1,0,0
0,0,0,1,0,0,0,0,1,0,0,0,1,0,0,0
1,0,1,0,0,1,1,1,0,0,1,1,1,1,1,1
1,1,1,0,1,0,1,1,1,1,1,0,1,0,1,1
1,0,0,0,1,1,0,0,1,0,1,0,1,1,1,0
1,0,0,0,1,1,1,0,0,0,0,1,1,1,1,0
0,1,1,0,0,1,1,1,1,1,1,1,1,1,1,1
0,0,0,0,0,1,1,0,1,0,1,1,1,0,0,0
0,1,1,0,0,0,1,1,1,1,1,1,1,1,0,1
0,0,0,1,0,0,0,0,1,1,0,0,1,0,0,0
1,1,1,1,1,1,1,0,1,1,0,1,1,1,1,1
0,1,0,1,0,0,0,0,0,0,1,0,1,1,1,0
0,0,0,0,0,0,0,0,1,0,0,1,0,1,1,0
1,0,0,1,1,0,0,0,0,0,0,1,1,0,1,0
0,0,0,0,1,0,0,0,1,0,0,0,0,0,0,0
0,0,1,0,0,1,0,1,0,1,0,1,1,0,1,0
0,0,0,0,0,0,0,0,0,1,1,0,1,0,0,0
1,0,0,1,0,0,0,1,1,0,0,1,0,0,1,0
0,1,1,0,1,1,1,1,0,1,0,1,1,1,1,1
0,1,0,0,0,0,1,1,0,0,0,1,1,1,1,0
0,1,1,1,0,1,1,1,0,0,1,0,1,1,1,1
0,1,0,0,0,1,0,1,1,0,0,1,0,1,0,0
1,0,1,1,1,0,0,1,1,1,1,1,1,1,1,1
0,0,0,0,0,1,0,1,0,0,0,1,1,1,0,0
1,0,1,1,0,1,1,0,1,0,1,1,1,1,1,1
0,0,0,0,1,1,0,0,1,0,1,1,0,1,1,0
1,1,0,0,0,0,1,1,1,0,1,0,0,1,0,0
0,0,1,0,0,0,1,0,0,0,0,0,1,1,1,0
1,1,0,0,1,1,1,1,0,1,0,1,1,1,1,1
1,1,0,1,1,1,1,1,1,0,1,1,0,1,0,1
0,0,0,1,0,0,1,1,1,1,0,1,0,0,0,0
1,0,0,0,0,0,1,1,0,1,0,1,1,0,1,0
1,1,0,1,1,1,1,1,1,1,0,1,1,0,1,1
1,1,1,0,0,1,1,1,1,1,1,1,0,1,1,1
1,1,1,0,1,1,1,1,1,0,1,1,1,0,1,1
1,1,1,1,1,1,1,1,0,1,1,1,0,0,0,1
1,1,1,1,1,1,1,1,1,0,1,0,1,1,0,1
0,1,1,1,0,1,1,0,1,0,1,1,1,1,1,1
1,1,1,1,1,1,1,1,1,1,0,0,0,1,1,1
0,0,1,0,1,1,0,1,0,1,1,1,1,1,1,1
0,0,0,1,0,0,0,1,0,1,0,0,0,1,0,0
0,0,1,0,0,0,1,1,1,1,1,1,1,1,0,0
0,1,0,0,0,0,1,1,1,1,1,0,1,0,0,0
0,0,0,0,0,0,1,1,1,0,1,0,0,1,1,0
0,0,1,0,0,1,0,1,0,1,1,0,0,1,0,0
0,0,0,0,0,1,1,1,0,0,1,0,0,0,1,0
0,1,1,1,1,0,1,0,1,1,1,1,1,0,1,1
0,0,0,1,1,0,1,1,1,0,1,0,0,0,1,0
0,1,0,0,1,1,1,0,1,1,1,1,1,0,1,0
1,1,0,0,0,1,0,1,1,1,1,1,0,1,0,1
0,0,0,1,0,0,1,0,1,1,0,1,0,0,1,0
0,1,0,0,0,0,0,0,0,0,0,1,1,1,1,0
0,0,0,0,1,1,1,1,1,1,1,0,1,1,1,0
0,1,1,0,1,1,1,1,0,0,0,1,1,0,0,0
1,0,0,0,0,0,0,0,1,1,0,1,0,0,0,0
0,1,1,0,0,0,0,1,1,0,1,0,0,1,1,0
1,1,1,1,0,0,1,1,1,1,0,0,1,1,0,1
1,0,1,1,0,1,0,1,1,1,1,1,1,0,1,1
0,0,1,1,1,0,0,0,0,0,1,1,1,1,0,0
0,0,1,1,0,1,0,0,0,1,0,0,1,0,0,0
1,1,1,1,0,1,1,1,1,1,0,0,1,1,1,1
0,1,1,1,1,0,1,1,1,1,1,1,0,1,1,1
1,1,0,0,0,1,1,1,0,1,0,1,1,0,1,0
0,0,0,0,0,0,0,1,1,1,1,0,0,0,0,0
0,0,0,0,1,1,1,1,1,0,1,1,0,1,1,0
0,0,1,1,1,1,1,1,1,0,0,1,1,1,1,1
0,1,0,0,1,1,1,1,0,0,1,0,0,1,1,0
0,1,0,0,0,0,0,1,1,0,1,1,1,1,1,0
1,1,1,1,1,0,1,0,0,1,1,1,1,0,1,1
1,0,1,1,1,1,1,1,0,1,0,1,1,1,0,1
1,0,0,0,1,1,0,1,1,0,1,0,1,1,1,0
0,0,1,1,1,1,1,1,1,0,1,1,1,1,1,1
0,1,0,1,1,0,1,1,1,1,1,1,1,0,1,1
0,0,1,0,1,1,1,0,1,1,1,0,0,1,0,0
0,1,0,1,1,1,1,1,1,1,0,1,1,1,1,1
1,0,0,0,0,0,1,1,0,1,0,1,1,0,0,0
0,1,0,0,0,1,0,1,0,1,0,1,0,1,0,0
1,0,0,1,0,1,0,0,1,0,1,0,0,0,1,0
0,1,0,0,0,0,1,1,1,0,0,0,1,0,1,0
1,0,0,1,1,0,1,1,1,0,1,1,1,1,1,1
0,0,0,1,0,1,0,0,1,1,1,0,1,1,1,0
0,0,0,0,0,0,0,0,0,0,1,0,1,1,1,0
1,0,1,0,0,1,1,0,0,0,1,1,0,1,1,0
1,1,1,1,1,0,1,0,0,1,0,1,0,1,1,1
0,0,0,1,1,0,0,1,0,1,0,0,1,0,0,0
0,1,0,1,0,0,0,1,1,1,1,0,1,1,1,0
0,0,0,0,0,0,1,1,0,0,0,0,1,1,1,0
1,0,1,1,1,0,1,1,0,1,1,1,1,1,1,1
1,1,0,1,1,0,1,1,1,1,0,1,1,1,1,1
0,0,0,0,0,1,0,1,1,1,1,0,1,0,0,0
1,1,1,1,1,0,0,0,1,0,1,1,0,1,1,1
0,0,0,0,1,1,0,1,1,0,1,0,0,1,1,0
1,1,1,1,1,1,1,0,1,1,1,1,0,0,1,1
1,1,1,1,0,1,1,1,0,0,1,1,1,1,1,1
0,0,1,1,1,1,1,0,0,0,0,0,0,1,0,0
1,0,1,0,1,0,1,0,1,1,1,1,1,0,1,1
1,0,0,0,1,1,1,1,1,1,0,1,0,1,1,1
1,1,1,1,1,1,0,0,1,1,1,1,0,0,1,1
0,0,1,1,1,0,1,0,1,1,1,1,1,0,1,1
1,1,0,0,1,1,0,0,0,1,1,0,0,0,1,0
0,1,0,0,0,0,0,0,1,1,0,0,0,0,0,0
0,1,0,1,1,1,1,1,1,0,1,1,1,0,1,1
0,0,0,0,0,0,0,0,1,1,0,0,1,1,0,0
0,1,0,1,0,0,1,1,1,1,1,0,1,0,0,0
1,1,1,0,1,1,1,0,1,1,1,0,1,1,1,1
0,1,0,0,0,0,0,0,0,1,1,0,1,1,1,0
1,0,0,1,0,1,1,1,0,1,1,0,0,1,0,0
1,1,1,1,1,1,0,1,1,1,0,1,1,1,1,1
1,0,0,1,0,0,1,1,0,0,0,0,0,0,1,0
0,1,0,0,1,0,1,1,1,1,1,1,1,1,0,1
1,0,1,0,0,0,0,0,1,1,0,0,1,1,0,0
0,1,0,0,0,0,1,1,0,0,0,1,0,1,0,0
0,1,0,0,0,0,1,0,1,0,1,0,1,0,0,0
1,1,0,1,0,1,1,1,1,1,1,0,0,1,1,1
0,1,0,1,0,1,1,1,1,0,1,1,1,1,0,1
0,0,1,0,0,0,1,1,1,0,0,1,0,0,1,0
1,1,1,0,0,1,1,1,1,0,1,1,1,0,1,1
0,0,1,0,0,1,1,0,0,0,0,1,1,0,0,0
0,0,1,0,0,1,1,0,0,0,1,0,1,0,1,0
1,0,0,1,0,0,1,0,1,0,1,0,1,1,0,0
0,0,0,0,0,1,1,1,0,1,1,1,0,0,1,0
1,0,1,1,0,1,1,1,1,1,1,0,1,1,1,1
0,0,1,0,0,0,1,1,1,0,1,0,0,1,1,0
1,1,1,0,0,1,1,1,0,1,1,1,1,1,1,1
0,1,1,0,1,0,1,1,1,1,1,1,1,1,1,1
1,0,1,0,0,1,1,1,0,1,0,0,1,0,0,0
0,0,1,1,1,1,1,1,1,1,1,1,0,1,1,1
1,1,1,1,1,1,1,0,0,1,1,0,0,1,1,1
1,1,1,1,1,1,0,1,1,1,1,0,1,0,1,1
0,0,0,0,1,0,1,1,0,1,0,0,1,1,0,0
0,0,0,0,0,1,0,1,1,1,0,1,1,1,1,0
1,1,0,0,1,0,1,1,1,1,0,1,1,1,1,1
0,0,0,1,0,0,0,0,0,1,0,1,1,1,0,0
1,0,1,1,1,1,1,1,1,1,1,1,1,0,0,1
0,1,1,0,0,1,1,1,1,1,1,0,1,1,1,1
0,0,0,0,0,0,1,1,1,1,0,0,1,1,1,0
0,1,1,1,0,1,1,1,1,0,1,0,1,1,1,1
1,1,0,0,1,1,1,1,1,1,1,0,1,1,1,1
1,1,1,1,0,1,0,1,0,1,0,1,1,1,1,1
0,0,0,0,1,1,1,0,1,0,0,0,1,0,0,0
1,0,0,1,1,1,0,1,1,1,1,1,0,1,0,1
0,1,0,0,0,0,1,0,0,1,1,1,0,1,1,0
1,0,1,1,0,1,1,1,0,1,1,0,1,1,1,1
0,0,0,0,0,1,1,1,0,1,0,1,1,1,0,0
0,0,1,0,0,1,0,0,0,0,1,1,0,0,1,0
0,0,0,1,1,0,0,1,1,1,1,0,1,1,0,0
1,1,0,0,0,1,1,1,0,1,1,1,1,1,1,1
0,1,1,0,1,1,0,1,0,0,0,1,0,0,0,0
0,0,1,1,1,1,1,1,0,0,1,1,1,1,1,1
0,1,1,1,1,1,1,0,1,1,1,0,1,1,1,1
1,1,1,1,1,1,1,1,0,0,1,1,0,1,1,1
0,1,1,1,1,1,0,1,1,1,1,1,0,1,1,1
1,1,1,1,1,1,1,0,1,0,1,1,1,1,1,1
0,0,1,0,0,0,1,0,1,1,0,1,0,0,1,0
0,0,0,0,0,0,1,0,1,0,1,0,1,1,0,0
0,1,1,1,1,0,1,1,1,1,0,0,1,1,1,1
1,1,0,0,0,1,1,0,1,1,1,0,1,1,1,1
0,0,0,0,0,0,1,1,0,0,1,0,0,1,1,0
0,0,0,0,0,1,1,1,1,1,0,0,0,0,0,0
0,0,1,1,1,0,1,1,0,1,1,1,1,1,1,1
0,0,0,1,0,1,1,1,1,1,1,1,0,1,1,1
0,1,0,0,0,1,0,1,1,1,0,1,1,0,0,0
0,1,0,0,1,0,0,0,1,1,0,0,1,0,1,0
0,1,1,0,0,1,1,1,1,1,1,1,0,0,1,0
0,0,0,0,1,1,0,0,0,1,1,1,0,1,1,0
1,0,0,0,1,1,1,0,0,0,0,1,0,1,0,0
0,0,0,0,0,1,1,1,1,0,1,0,1,0,1,0
0,1,0,0,0,1,1,1,1,1,0,0,1,0,0,0
1,1,1,0,1,1,1,1,1,0,1,0,1,1,1,1
1,1,1,0,1,1,1,1,0,1,0,1,1,1,1,1
0,1,1,0,0,1,1,0,1,0,0,0,1,1,1,0
0,0,0,0,0,1,0,0,1,0,0,0,1,1,1,0
0,0,1,0,0,0,1,1,0,1,1,0,0,0,1,0
0,1,0,1,0,1,0,1,1,0,1,1,1,0,1,0
0,1,0,0,0,1,1,0,1,0,1,1,1,1,1,0
1,0,0,1,0,0,0,1,1,0,1,1,0,1,1,0
0,0,0,0,0,1,0,0,1,0,0,0,0,0,0,0
0,0,0,0,0,0,0,0,1,0,0,0,1,1,0,0
0,1,1,0,1,0,0,0,1,1,1,1,1,1,1,0
0,0,1,0,0,1,1,0,0,1,0,1,0,0,0,0
0,1,0,1,0,1,0,0,1,0,1,0,0,0,0,0
0,1,0,0,1,1,1,1,1,1,1,1,1,1,1,1
0,0,0,0,0,0,0,1,1,0,1,1,1,0,0,0
0,0,0,0,0,1,0,0,1,0,0,0,0,0,1,0
1,0,0,0,0,1,1,1,1,0,1,1,1,1,0,0
1,0,0,0,1,0,0,0,0,1,0,1,1,1,0,0
0,0,1,0,0,0,0,0,0,1,1,1,1,1,1,0
0,0,0,0,0,0,1,1,0,0,1,0,0,0,0,0
0,0,1,0,1,1,0,1,0,0,0,1,0,1,0,0
0,0,0,0,0,0,0,0,0,1,1,1,0,1,0,0
1,1,1,1,1,1,1,1,1,0,0,0,1,1,1,1
0,0,0,1,0,1,1,1,0,0,1,1,0,0,1,0
0,0,0,0,0,1,1,1,0,1,1,0,0,0,1,0
0,0,0,0,0,1,1,1,1,1,1,1,1,1,0,1
0,1,0,1,1,0,1,1,1,0,1,0,1,0,0,0
1,1,0,0,0,1,1,1,1,0,1,1,1,1,1,0
0,1,0,1,1,1,0,1,1,0,1,1,1,1,1,1
0,1,1,1,0,0,1,1,0,0,1,0,1,0,1,0
0,0,0,0,0,0,0,0,1,0,0,1,1,0,0,0
0,0,0,0,0,0,1,0,1,1,0,1,1,0,1,0
0,0,1,1,1,0,1,1,1,1,1,1,1,1,0,1
0,0,0,0,0,1,0,0,1,0,1,0,1,0,1,0
0,0,0,0,1,0,1,1,0,1,1,1,1,1,1,1
1,0,0,1,0,0,0,0,0,0,1,1,1,0,1,0
0,0,0,0,1,1,0,1,0,1,1,0,1,0,1,0
1,1,1,1,1,1,0,0,0,1,1,1,1,0,0,1
1,0,0,0,0,0,1,0,0,1,1,1,1,1,0,0
0,0,0,0,0,1,0,1,1,0,0,0,1,0,1,0
0,0,0,1,0,1,1,0,1,0,0,1,0,1,1,0
1,0,1,1,0,1,1,1,1,1,1,1,0,1,1,1
1,1,1,1,0,1,1,0,1,1,1,1,1,0,1,1
1,1,1,1,1,1,0,1,1,0,1,1,1,1,0,1
0,0,0,0,0,0,0,1,0,0,0,0,1,0,1,0
0,0,0,1,0,0,0,1,1,1,0,0,0,1,1,0
1,0,1,0,0,1,0,1,1,1,1,1,1,1,1,1
1,1,1,0,1,1,1,1,0,0,1,1,1,0,1,1
0,1,0,0,1,1,0,0,1,0,1,0,0,1,0,0
1,0,1,0,0,1,1,1,1,0,1,1,1,1,1,1
0,0,0,0,1,1,0,1,0,1,0,0,0,0,1,0
0,0,0,0,0,1,0,0,1,1,0,0,1,0,0,0
1,1,0,1,0,1,0,1,1,1,1,1,1,1,0,1
0,0,1,0,0,0,0,1,0,1,1,0,1,1,1,0
0,1,1,0,0,1,1,0,1,0,0,1,0,0,1,0
0,0,0,0,0,0,1,0,0,1,0,1,0,1,1,0
1,1,0,1,1,1,1,0,1,1,0,0,1,1,1,1
1,0,0,0,1,1,1,0,1,1,0,1,1,1,1,0
0,0,0,0,1,1,0,1,0,1,0,0,0,1,1,0
0,0,0,0,1,0,1,0,0,1,0,0,0,0,1,0
1,1,1,1,0,1,1,1,1,0,1,1,1,0,1,1
0,0,0,0,0,0,0,1,0,0,1,1,1,1,0,0
1,1,0,1,1,1,1,1,1,1,1,0,1,0,1,1
1,0,0,1,1,1,1,1,1,0,1,1,1,0,1,1
1,0,0,0,0,0,1,1,0,1,1,0,0,1,1,0
0,1,0,0,0,0,1,0,1,1,1,0,1,0,1,0
0,0,1,0,0,0,1,1,0,1,0,1,0,1,1,0
1,0,0,1,0,1,1,1,1,1,1,1,1,0,1,1
0,0,0,0,0,1,0,0,0,1,0,1,0,1,0,0
1,0,0,1,0,0,1,1,0,0,1,0,1,1,0,0
0,0,0,1,0,1,0,0,1,1,1,1,1,1,1,0
0,0,0,0,0,1,1,0,1,0,0,1,1,0,0,0
0,0,1,0,0,0,0,1,0,0,0,1,1,0,1,0
0,0,0,1,1,0,0,1,0,1,0,1,0,0,1,0
0,1,1,1,1,1,1,1,0,1,1,1,0,1,1,1
0,0,0,0,0,1,0,0,0,1,1,1,0,0,0,0
0,0,1,0,0,1,0,1,0,1,0,1,0,1,1,0
0,0,0,0,1,0,0,1,0,0,1,1,1,1,1,0
0,0,1,0,0,1,1,0,1,1,1,0,1,0,0,0
0,0,0,1,0,1,0,0,1,1,0,1,1,0,0,0
1,0,1,0,0,1,1,1,1,0,0,1,1,0,0,0
0,0,1,1,1,1,1,1,1,1,1,1,0,1,0,1
1,0,0,1,0,1,1,0,1,0,0,0,1,1,0,0
1,1,1,1,1,0,1,1,1,1,1,0,1,1,1,1
1,0,0,0,0,0,1,0,0,0,1,1,0,1,1,0
0,0,0,0,0,1,0,1,1,0,1,0,1,1,1,0
1,0,1,1,1,0,1,1,0,1,1,1,0,1,1,1
0,0,0,0,0,1,1,1,1,1,0,0,1,0,1,0
0,1,1,0,0,0,1,0,0,1,0,1,1,0,0,0
1,1,1,0,1,1,1,1,1,1,1,0,0,1,1,1
1,0,0,1,1,1,0,1,1,1,0,1,0,1,1,1
0,1,0,0,0,1,1,1,0,1,1,0,0,0,0,0
1,0,1,0,0,0,0,0,0,0,1,0,0,0,0,0
0,0,0,1,0,0,1,1,0,1,1,1,1,0,1,0
0,0,0,0,0,0,1,0,0,0,1,1,1,1,1,0
0,0,0,1,0,0,0,0,1,0,0,1,0,1,0,0
1,1,1,0,1,0,1,1,0,1,1,0,1,1,1,1
1,1,0,1,0,1,1,1,0,1,1,1,1,1,1,1
1,1,1,0,0,1,1,1,1,1,1,1,1,0,1,1
0,0,0,0,0,0,0,0,1,0,1,0,0,0,0,0
0,0,1,1,0,1,0,1,1,0,1,1,1,1,0,0
0,1,0,0,0,0,1,0,0,0,1,0,0,0,1,0
0,1,0,0,0,0,1,0,0,0,0,0,1,0,1,0
1,0,0,1,0,1,1,1,0,0,0,0,0,1,1,0
1,1,0,0,1,1,1,1,0,0,1,1,1,1,1,1
1,1,1,1,0,1,1,1,1,0,1,1,1,1,0,1
1,0,0,0,1,0,1,1,1,0,1,0,1,0,1,0
1,1,1,0,1,1,1,1,1,1,1,0,1,1,0,1
0,0,0,0,0,0,0,0,0,0,1,1,0,0,1,0
0,0,0,0,0,1,1,0,0,0,1,0,0,0,1,0
1,1,1,0,1,0,1,1,0,1,0,1,1,1,1,1
0,0,0,0,0,0,0,0,1,0,1,0,0,0,1,0
0,0,0,0,1,0,0,1,1,0,1,1,0,0,1,0
0,0,0,0,0,1,1,1,1,0,1,1,1,0,0,0
0,0,0,0,0,0,0,0,1,1,0,0,0,1,0,0
0,1,0,0,0,0,1,1,1,1,1,1,0,1,1,0
1,1,1,1,1,0,1,1,1,1,1,1,1,1,0,1
0,0,0,0,0,0,1,1,1,0,0,1,1,0,1,0
0,0,0,0,0,1,0,0,0,0,1,1,1,0,1,0
0,0,1,1,1,1,0,1,1,1,1,0,1,1,0,1
0,0,1,0,0,1,0,1,1,1,0,1,0,0,1,0
1,1,0,0,1,1,1,1,1,0,1,0,1,1,1,1
1,0,0,0,0,1,1,1,1,1,0,0,0,0,0,0
0,1,0,0,0,0,0,1,1,0,0,1,0,1,0,0
0,0,0,0,1,0,1,0,1,0,0,1,1,0,1,0
1,0,0,1,1,0,1,1,1,1,1,1,0,1,1,1
1,0,1,0,1,1,0,1,1,1,1,0,1,1,1,1
1,1,1,1,0,1,1,1,1,1,0,1,0,0,1,1
0,1,0,1,1,1,1,1,0,1,1,1,1,1,0,1
0,0,1,0,1,1,1,0,0,0,0,0,0,1,1,0
1,0,0,1,0,1,1,1,1,1,1,1,1,1,0,1
1,0,0,1,0,1,1,1,1,1,1,0,0,0,0,0
1,1,1,0,1,1,1,1,1,0,1,1,0,1,1,1
1,0,0,1,0,0,1,1,1,0,1,0,0,0,1,0
1,1,1,1,0,1,0,1,1,0,1,1,1,1,0,1
0,0,0,0,0,1,0,1,0,1,1,0,1,0,1,0
0,0,1,1,0,0,0,1,1,1,0,0,0,0,1,0
0,0,0,1,0,1,0,1,1,0,1,0,1,0,0,0
1,0,0,0,0,1,0,0,0,0,0,0,0,1,1,0
1,1,0,0,1,0,1,1,1,1,1,1,1,0,1,1
0,0,0,1,0,0,1,0,0,0,0,1,1,1,0,0
0,0,0,0,1,0,0,1,0,1,1,1,0,1,1,0
1,0,1,1,1,0,0,1,1,1,1,0,0,1,0,1
1,0,1,0,0,0,0,0,1,0,0,1,0,0,0,0
0,0,0,0,0,1,0,0,1,1,0,0,1,1,0,0
0,0,0,0,0,0,0,0,0,0,1,0,1,0,0,0
1,0,1,1,1,1,1,1,1,1,1,0,1,1,0,1
1,0,0,0,0,1,0,0,0,1,1,0,1,1,0,0
0,0,1,0,0,0,1,1,1,0,1,1,1,0,1,0
0,0,0,0,0,0,1,0,0,1,0,1,1,1,0,0
1,0,1,0,0,0,1,0,1,1,0,1,1,0,0,0
0,0,0,0,0,1,0,1,1,1,0,1,0,0,1,0
0,1,0,1,0,1,0,1,0,1,0,1,0,1,1,0
0,0,0,0,0,0,1,0,0,1,0,1,0,0,0,0
0,0,0,0,0,0,1,0,0,0,1,0,0,1,0,0
0,0,0,0,0,1,0,0,1,1,0,0,1,1,1,0
0,0,0,0,0,1,1,0,0,0,1,1,0,1,1,0
0,0,0,0,0,1,0,1,0,0,0,1,0,0,1,0
0,0,0,0,0,0,0,0,1,1,0,1,1,1,0,0
0,0,0,0,0,1,1,1,0,0,1,0,1,0,1,0
0,0,0,0,0,1,1,0,0,0,0,0,1,0,0,0
0,0,0,0,1,1,0,1,1,0,0,0,1,0,1,0
0,0,1,0,0,0,0,0,0,0,1,1,0,0,1,0
1,0,0,0,0,0,1,0,0,1,1,1,1,0,0,0
0,1,1,0,1,0,1,1,1,0,1,1,1,0,1,1
0,1,0,0,0,1,0,1,1,1,0,1,0,0,0,0
