headache,nausea,sensitivity_to_light,sensitivity_to_sound,vomiting,blurred_vision,neck_pain,dizziness,aura,eye_pain,scalp_tenderness,irritability,concentration_difficulty,fatigue,photophobia,outcome
1,1,1,1,1,1,1,1,1,1,1,1,1,1,1,1
1,1,0,1,1,1,1,1,1,1,0,1,1,1,0,1
0,1,0,0,0,1,1,1,1,0,0,0,0,1,0,0
1,1,1,1,1,1,0,1,1,1,1,1,1,1,0,1
0,1,1,1,1,1,1,1,1,1,1,1,0,1,1,1
0,0,0,0,0,0,0,1,1,1,1,0,0,0,0,0
0,0,0,0,0,1,1,0,0,1,1,1,0,1,1,0
0,1,1,0,1,1,1,1,1,1,1,1,1,1,1,1
1,0,1,1,1,1,1,1,1,1,1,1,1,1,1,1
1,1,0,1,1,1,1,1,1,1,1,0,1,1,1,1
1,1,1,0,1,1,0,1,0,1,1,1,0,1,1,1
1,0,0,0,0,1,0,0,1,0,0,0,0,1,1,0
0,0,0,1,0,1,0,1,1,0,1,1,0,1,0,0
1,1,1,1,1,1,1,1,1,1,1,1,1,0,0,1
0,1,1,1,1,1,1,1,1,1,1,1,1,1,1,1
0,0,0,0,0,1,0,0,1,1,0,1,1,1,1,0
1,1,0,0,1,1,1,1,1,1,1,1,1,0,1,1
1,1,1,1,0,1,1,1,1,0,1,1,1,1,1,1
1,1,1,1,0,1,1,1,1,1,1,1,1,1,1,1
1,1,1,1,0,1,1,1,1,1,1,1,1,0,1,1
1,1,1,1,1,1,1,0,1,1,1,1,1,1,1,1
1,1,0,1,1,1,1,1,1,0,1,1,1,1,1,1
1,1,1,1,1,1,1,1,1,1,0,1,1,1,1,1
0,0,1,0,0,1,1,1,1,1,1,0,0,1,1,0
1,1,1,1,1,1,1,1,1,1,1,1,1,0,1,1
0,0,0,1,0,0,1,0,0,0,0,1,1,1,0,0
0,0,1,1,1,1,1,1,1,1,1,1,1,1,1,1
0,1,1,1,1,1,1,1,1,0,1,1,0,1,0,1
1,1,1,1,0,1,1,0,1,1,0,1,1,1,1,1
0,1,0,0,1,1,0,1,0,0,0,1,1,1,1,0
0,0,0,0,0,0,0,0,0,0,0,0,0,0,0,0
0,0,0,0,0,0,1,1,1,0,1,0,1,1,0,0
0,0,0,0,0,0,0,0,1,0,1,1,1,1,1,0
1,0,0,0,1,1,1,1,1,1,1,1,1,1,1,1
0,0,0,0,0,0,0,0,1,0,0,1,1,0,0,0
1,1,1,1,1,1,1,1,1,1,1,1,0,0,1,1
0,0,0,0,1,1,0,1,0,0,0,0,1,0,1,0
1,1,1,0,1,1,1,1,1,1,1,1,1,1,1,1
1,0,1,0,0,1,0,0,0,1,1,1,1,1,0,0
1,1,0,0,0,1,1,0,0,0,0,1,1,1,1,0
0,0,1,0,0,0,1,0,1,0,1,0,0,0,1,0
1,1,1,0,1,1,0,1,1,0,0,1,1,1,1,1
0,0,0,0,0,0,1,0,0,1,0,0,1,0,1,0
0,0,0,0,0,0,0,0,1,1,1,1,1,0,1,0
0,1,1,1,0,1,0,1,1,1,1,1,0,1,1,1
0,0,1,0,0,1,0,0,1,0,1,1,1,0,1,0
0,0,1,1,0,1,1,1,1,1,1,1,1,1,1,1
0,1,1,0,1,1,0,0,1,0,1,1,1,1,1,1
1,1,0,1,1,1,1,1,1,1,1,1,1,1,1,1
1,1,1,0,0,1,1,1,1,0,1,1,1,1,1,1
0,0,0,0,0,0,1,1,1,0,1,0,1,0,1,0
1,1,1,1,0,1,0,1,1,0,1,1,1,1,1,1
0,1,1,1,0,1,0,1,1,1,1,1,1,1,1,1
1,1,1,0,0,0,0,0,0,1,0,1,1,0,1,0
1,1,1,0,1,1,1,0,1,1,1,1,1,1,1,1
1,1,0,1,1,0,1,1,1,0,1,1,1,1,1,1
1,1,1,1,1,0,1,1,1,1,1,1,1,1,1,1
1,1,1,1,1,1,1,1,0,1,0,1,1,1,1,1
0,0,1,0,0,1,0,0,0,1,0,1,1,0,0,0
0,0,0,1,1,1,1,1,0,1,1,1,1,0,0,0
1,1,1,1,1,1,1,1,1,0,1,1,1,1,1,1
1,1,1,1,0,0,1,1,1,1,1,1,1,1,1,1
0,0,0,0,0,0,1,1,1,0,0,0,1,1,1,0
1,0,1,1,0,1,1,1,1,1,1,1,1,1,1,1
1,0,0,1,0,1,0,1,0,0,1,1,0,1,0,0
0,1,1,0,1,0,1,1,1,1,0,1,1,1,1,1
1,1,1,0,0,1,1,1,1,1,1,1,1,1,1,1
0,0,0,0,0,1,0,0,0,1,1,0,0,1,1,0
1,1,1,1,1,1,1,1,1,1,1,0,1,1,1,1
0,1,0,0,1,1,1,1,1,1,1,1,1,0,1,1
1,0,1,1,1,0,1,1,1,1,1,1,1,1,1,1
0,0,0,1,0,1,1,1,1,0,1,0,0,0,1,0
1,1,1,1,0,1,0,1,1,1,1,1,1,0,1,1
1,1,0,0,1,1,1,0,1,1,1,1,1,0,1,1
0,0,1,1,0,1,1,0,0,1,1,1,0,1,1,0
0,0,0,0,0,0,1,1,0,0,1,1,1,0,0,0
1,0,0,0,0,0,0,1,1,0,0,0,1,0,0,0
0,0,1,1,1,1,1,1,1,1,1,1,0,1,1,1
0,0,0,1,0,0,0,0,1,1,0,0,1,1,0,0
0,1,0,1,0,1,1,1,0,1,1,1,1,0,0,0
1,1,0,0,1,0,0,0,0,0,0,0,1,0,1,0
0,0,0,0,0,0,1,1,1,1,1,0,1,1,1,0
1,1,1,1,1,1,1,1,0,1,1,1,1,1,1,1
0,0,0,1,0,1,0,1,1,0,0,1,1,0,0,0
1,1,0,1,1,1,1,1,1,1,1,1,1,1,0,1
0,1,0,1,1,0,1,0,1,0,0,1,0,1,0,0
0,1,1,0,1,1,1,1,1,1,1,1,1,1,0,1
1,1,1,0,1,1,1,1,1,1,1,1,1,0,1,1
1,0,1,1,1,1,1,1,1,1,0,1,1,1,1,1
1,1,0,1,1,1,1,1,1,0,1,1,0,1,1,1
1,1,1,0,1,1,0,1,1,1,1,1,1,1,1,1
0,0,1,0,0,0,1,0,1,0,1,0,1,0,0,0
0,0,0,1,0,0,0,0,0,1,1,1,0,1,1,0
0,0,0,1,1,0,0,1,0,0,0,1,0,1,0,0
0,0,0,0,0,0,0,0,1,1,0,1,0,0,0,0
0,0,0,1,0,0,1,0,1,0,0,1,1,0,0,0
0,0,0,0,0,0,0,1,1,1,0,0,1,0,1,0
0,1,1,1,0,1,1,1,1,1,1,0,1,1,1,1
0,0,0,0,0,1,1,0,0,0,0,0,1,0,1,0
0,0,0,0,0,0,1,1,1,1,0,0,0,0,0,0
1,1,1,1,1,1,1,1,1,1,1,1,1,1,0,1
0,1,1,1,0,1,1,1,1,1,1,1,1,1,1,1
1,1,1,0,1,1,1,1,1,0,1,1,1,1,1,1
1,1,0,0,0,0,1,0,1,1,1,1,1,1,1,1
0,0,0,0,0,0,1,1,0,0,0,0,1,0,1,0
0,1,1,0,1,0,1,1,1,1,1,1,1,1,1,1
0,0,0,0,0,1,0,0,1,0,1,0,0,1,0,0
1,0,0,0,0,1,1,0,0,1,0,1,0,1,1,0
1,0,0,1,0,0,1,1,1,1,1,1,1,0,1,1
0,1,0,1,1,1,1,1,1,1,1,1,1,1,1,1
0,0,1,0,0,0,1,1,0,0,0,1,0,0,1,0
1,1,1,1,0,1,0,1,1,1,1,1,1,1,1,1
1,0,1,0,0,1,1,1,1,1,1,1,1,1,0,0
1,1,1,0,0,1,1,1,1,1,1,1,1,0,1,1
0,1,0,0,0,1,1,0,1,1,1,0,1,1,0,0
1,1,1,1,0,1,0,0,1,1,1,1,1,1,1,1
1,0,1,1,0,1,1,1,1,1,0,1,1,1,1,1
0,0,1,0,0,1,1,0,0,0,0,1,0,1,0,0
0,0,0,0,0,0,1,1,0,0,0,1,1,1,0,0
1,1,1,1,0,0,1,1,1,1,1,1,0,1,1,1
0,0,1,1,1,1,1,1,1,1,1,1,1,1,0,1
1,1,0,1,1,1,1,1,1,0,1,1,1,1,0,1
1,1,0,0,1,0,1,1,1,1,1,1,1,0,1,1
1,1,1,1,1,1,0,1,1,0,1,1,1,1,1,1
0,0,1,0,0,0,1,1,0,1,0,1,1,0,0,0
0,0,0,1,0,1,1,0,1,0,0,0,0,1,0,0
0,1,1,0,0,0,1,1,1,0,1,0,0,0,1,0
1,1,1,0,1,1,1,1,1,1,1,1,0,1,0,1
1,0,0,1,1,1,1,1,1,1,1,1,1,1,1,1
0,0,0,0,0,1,0,1,1,1,0,0,1,0,1,0
1,1,1,1,0,1,1,0,1,1,1,1,1,1,1,1
0,1,1,1,1,1,1,1,0,1,1,0,1,1,1,1
1,1,0,1,0,1,1,1,1,0,1,1,1,1,1,1
0,1,1,1,1,1,1,0,1,1,1,1,1,1,1,1
0,0,0,0,0,1,1,1,1,1,0,1,1,0,0,0
0,1,1,1,0,1,1,1,0,1,0,1,1,1,1,1
1,0,1,1,1,1,1,0,1,1,1,1,1,1,1,1
1,1,1,1,0,0,1,1,1,1,1,1,1,1,0,1
0,0,0,0,1,0,1,1,1,0,0,0,0,0,0,0
1,1,1,1,1,1,0,0,1,1,1,1,1,1,1,1
0,0,0,0,1,1,0,1,0,0,0,0,1,0,0,0
0,0,1,0,0,0,0,1,1,1,0,0,1,1,1,0
0,0,1,0,0,1,1,1,0,0,1,1,1,0,0,0
0,0,0,0,0,1,0,1,1,0,0,0,1,1,1,0
1,1,1,1,1,1,0,1,1,1,1,1,1,1,1,1
0,0,0,1,0,0,0,0,0,1,0,1,0,0,1,0
0,0,0,0,0,0,1,0,1,1,1,0,0,1,1,0
1,1,1,1,1,1,0,0,1,0,1,1,1,1,0,1
0,1,0,0,0,1,0,1,1,0,1,1,0,0,1,0
0,1,0,0,1,1,0,1,1,1,0,0,0,1,1,0
0,1,0,0,0,1,1,0,0,0,0,1,1,0,1,0
1,1,0,0,0,0,0,1,0,1,0,1,0,0,0,0
0,0,0,0,0,0,0,1,1,1,0,1,0,1,0,0
1,0,1,1,1,1,1,1,1,1,1,0,1,1,1,1
0,1,0,1,0,0,1,1,0,1,0,0,0,1,0,0
1,1,1,1,1,0,0,1,1,1,1,0,1,1,0,1
0,0,0,1,1,1,1,0,0,1,1,0,1,0,1,0
1,1,1,1,0,1,1,1,1,1,1,1,0,1,1,1
0,1,0,0,1,1,1,0,1,1,1,0,1,0,1,0
0,0,0,0,0,1,0,1,1,0,1,1,0,0,1,0
0,0,1,1,0,1,0,1,0,0,1,0,0,0,0,0
0,0,0,0,0,1,1,0,1,0,0,1,1,0,0,0
1,1,1,0,1,1,1,1,0,1,0,1,0,1,1,1
0,1,1,1,1,1,1,1,1,0,1,1,0,1,1,1
0,0,0,0,0,0,1,0,1,1,0,1,0,1,0,0
1,1,0,1,0,1,1,1,1,1,1,0,1,1,1,1
1,0,1,0,0,0,1,1,1,1,1,1,1,1,0,1
1,0,0,1,0,1,1,1,1,1,1,1,1,1,1,1
0,0,0,0,1,0,0,1,1,0,0,1,0,1,1,0
1,0,0,0,1,1,1,1,1,0,1,0,1,1,1,1
0,1,0,0,0,0,0,1,1,0,0,1,1,0,1,0
1,0,0,0,0,0,0,0,0,0,1,0,0,0,1,0
0,0,0,0,0,1,1,0,0,0,1,1,1,1,0,0
0,1,0,0,0,0,1,1,1,0,1,1,1,0,1,0
0,1,1,0,1,1,1,0,1,1,1,1,1,1,1,1
1,1,0,1,0,1,1,1,1,1,1,1,1,1,1,1
1,1,1,1,1,0,1,1,0,1,1,1,1,1,1,1
1,1,0,1,1,0,1,1,1,1,1,1,1,1,1,1
1,1,1,0,0,1,1,0,1,1,1,1,1,1,1,1
1,1,0,1,1,1,1,1,0,1,0,0,0,1,1,1
1,1,1,1,0,1,1,1,1,1,0,1,1,1,1,1
0,0,1,1,1,0,1,0,0,1,1,1,0,0,0,0
0,1,1,0,1,1,1,0,1,1,0,1,0,0,0,0
0,0,0,0,1,0,1,1,0,0,0,0,0,0,1,0
1,1,0,1,1,1,1,1,1,1,0,0,1,1,1,1
1,1,1,1,1,0,1,0,1,0,1,1,1,0,1,1
1,1,1,1,0,1,1,1,0,0,1,1,1,1,1,1
1,0,1,0,1,1,1,1,1,0,0,1,1,1,1,1
0,0,1,0,1,0,0,0,1,0,0,1,0,0,1,0
1,1,1,1,1,1,1,1,0,1,1,0,1,1,1,1
1,1,1,1,1,1,1,0,1,1,1,1,1,0,1,1
0,0,0,1,0,1,1,0,1,1,0,0,1,1,1,0
0,0,0,0,1,1,1,1,1,0,1,1,0,1,0,0
0,0,0,0,0,0,0,0,0,1,0,0,0,0,1,0
0,0,0,1,0,0,1,0,0,1,0,1,1,1,0,0
1,1,1,1,1,1,1,1,1,0,0,1,1,1,1,1
1,0,1,1,1,1,1,1,1,0,1,1,1,1,1,1
1,1,1,1,1,1,0,1,1,1,1,1,1,0,1,1
0,0,0,0,0,1,1,0,1,0,0,1,0,0,0,0
1,1,1,1,0,1,1,1,1,0,1,1,1,1,0,1
0,0,0,0,0,0,0,0,0,0,1,1,1,0,0,0
0,0,0,0,0,1,1,1,1,1,0,1,1,0,1,0
0,0,0,1,1,1,0,0,1,0,1,0,1,0,1,0
1,0,1,1,1,1,0,1,0,1,1,1,1,1,0,1
0,0,0,0,0,1,0,1,0,0,1,1,1,0,0,0
0,1,1,1,0,1,1,0,1,1,1,1,1,1,1,1
0,0,0,1,1,0,1,1,1,1,0,0,1,0,0,0
1,1,1,1,1,1,1,1,1,0,1,0,1,1,1,1
0,0,0,0,0,0,0,1,0,0,0,1,1,1,0,0
0,1,0,0,0,1,0,1,0,1,0,0,1,1,1,0
0,0,0,0,0,1,1,0,0,1,0,1,1,1,0,0
0,0,0,0,1,1,1,0,1,1,0,0,1,1,1,0
1,0,0,1,1,1,0,1,1,1,1,1,1,1,0,1
0,1,0,1,1,1,1,1,0,1,1,1,0,1,1,1
0,0,0,0,0,0,1,0,1,1,1,1,0,1,1,0
1,1,1,1,0,1,1,1,0,1,1,1,0,1,1,1
1,1,1,1,1,1,1,1,0,1,1,1,1,0,1,1
0,1,1,0,0,0,1,0,0,0,0,1,0,1,0,0
1,0,1,0,1,1,0,0,0,1,1,1,1,1,1,1
1,1,1,1,0,0,1,1,1,1,1,1,1,0,1,1
0,1,0,0,0,0,0,0,0,0,1,0,1,0,1,0
0,0,0,0,0,1,1,1,1,1,1,0,1,0,0,0
0,0,1,0,0,1,1,1,0,1,0,1,1,1,1,0
1,0,1,1,1,1,1,1,1,1,0,1,1,0,1,1
0,0,1,1,1,1,1,0,1,1,1,1,1,1,1,1
1,1,1,1,1,1,1,1,0,1,1,1,1,1,0,1
0,0,0,0,0,1,0,1,1,0,0,0,0,0,0,0
0,0,0,0,0,1,1,0,1,0,0,1,0,1,0,0
1,0,0,0,1,0,0,1,1,1,1,1,1,1,1,1
1,1,1,1,1,0,1,1,1,1,1,1,0,1,0,1
1,0,0,0,0,1,0,1,0,0,1,0,0,0,0,0
1,1,1,1,1,1,0,1,1,1,1,1,0,1,1,1
1,1,0,0,1,1,1,1,0,1,1,1,1,1,1,1
0,0,0,1,0,1,1,1,1,1,0,1,1,1,1,0
0,1,0,0,1,1,0,1,1,0,0,1,1,0,0,0
0,1,1,0,1,1,1,1,0,1,1,1,1,0,0,1
1,0,1,1,1,0,1,1,1,1,0,0,1,1,1,1
0,0,1,1,1,0,1,0,1,1,0,0,0,0,0,0
1,1,0,1,1,1,1,1,1,0,1,1,1,0,1,1
1,1,1,1,1,0,1,1,0,1,1,0,1,1,1,1
0,0,0,0,1,1,0,0,0,1,1,0,1,1,0,0
1,1,1,1,1,1,1,0,1,1,1,1,1,1,0,1
0,1,1,1,0,1,1,1,1,1,1,1,1,0,1,1
0,0,0,0,0,1,0,1,0,0,1,1,0,1,1,0
1,1,0,0,0,1,1,0,0,1,0,1,1,1,1,0
0,0,1,0,0,1,0,0,0,1,1,0,1,1,1,0
0,1,1,1,1,0,1,0,1,1,1,1,0,1,1,1
0,1,0,0,0,0,1,0,0,1,0,1,1,1,0,0
1,0,0,0,0,0,0,1,1,1,1,1,1,0,0,0
0,1,0,0,0,1,1,0,1,1,0,0,0,0,1,0
0,0,0,1,1,0,1,1,1,1,1,1,1,1,1,1
1,1,0,1,1,1,1,1,1,1,1,1,0,0,1,1
1,1,1,1,1,1,1,1,0,1,1,0,0,1,1,1
0,1,0,1,1,1,1,0,1,0,0,1,1,0,1,0
1,1,1,1,1,0,1,1,1,1,1,1,1,1,0,1
0,0,0,0,0,1,0,0,1,0,0,0,0,0,0,0
1,1,1,0,1,1,0,1,1,0,1,1,1,1,1,1
1,0,0,1,1,1,1,1,1,1,1,1,1,0,1,1
1,0,0,1,0,1,1,1,1,1,1,0,1,1,1,1
0,0,0,0,1,0,0,0,0,0,1,1,0,1,1,0
0,1,1,1,1,1,1,1,1,1,1,1,1,1,0,1
1,1,1,0,1,1,1,1,1,1,1,0,1,1,1,1
0,0,1,0,0,0,1,0,1,1,1,0,1,1,0,0
1,1,0,1,1,0,1,1,1,1,1,1,1,0,1,1
0,0,0,1,1,1,0,1,0,1,0,1,1,0,0,0
0,0,0,0,0,1,1,0,1,0,1,1,1,1,0,0
1,1,1,1,1,1,1,1,1,1,1,1,0,1,1,1
0,0,1,0,1,0,0,0,1,1,1,0,0,1,1,0
0,0,0,0,0,0,0,0,0,1,0,1,0,0,0,0
1,1,1,1,1,0,1,1,1,1,1,1,1,0,1,1
0,0,0,0,0,1,0,1,1,1,0,0,0,1,0,0
1,1,0,1,1,1,1,1,1,1,0,1,1,1,1,1
1,1,1,1,0,1,1,1,1,1,0,0,0,1,1,1
1,1,1,0,1,0,1,1,1,0,0,1,1,1,1,1
1,1,1,0,1,1,1,1,1,1,1,1,1,1,0,1
0,0,1,0,1,0,1,1,0,0,1,1,0,1,0,0
0,0,0,0,1,1,0,1,1,0,1,1,0,1,0,0
0,0,0,1,0,1,1,1,0,0,0,1,0,1,1,0
0,1,0,1,0,0,1,1,1,0,1,0,0,1,0,0
0,0,0,1,0,0,0,0,1,1,1,0,1,1,0,0
0,0,0,0,0,1,0,0,1,0,0,0,1,0,1,0
1,1,0,0,1,1,1,1,1,1,1,1,1,1,1,1
0,1,0,0,0,0,1,0,0,0,0,1,1,0,1,0
0,0,1,1,0,0,1,0,0,1,0,1,1,1,0,0
1,1,1,1,0,1,1,1,1,1,0,1,1,1,0,1
0,0,1,0,0,1,0,0,1,1,1,1,1,0,0,0
1,1,0,0,1,1,1,1,1,1,1,1,0,1,1,1
1,0,1,1,1,1,1,1,0,1,1,1,1,1,1,1
1,1,1,1,1,1,1,1,1,1,0,0,1,1,1,1
0,0,0,0,0,1,0,1,1,0,1,1,0,1,1,0
0,0,0,0,1,0,1,0,0,1,1,0,1,1,1,0
1,0,0,0,1,0,0,1,1,1,1,1,0,1,1,0
0,0,0,1,0,0,0,1,0,1,1,1,1,0,0,0
1,1,1,1,1,1,1,1,1,1,0,1,0,1,1,1
1,0,1,0,0,0,1,0,0,1,0,0,1,0,0,0
0,1,0,0,0,1,1,1,0,1,0,1,0,0,0,0
0,0,1,0,1,1,1,0,1,1,0,0,0,1,0,0
0,0,1,0,1,1,1,1,1,1,1,1,0,1,1,1
0,1,1,1,0,1,1,1,1,1,0,1,1,0,1,1
0,1,0,0,1,1,1,0,1,0,1,0,1,0,1,0
1,1,0,1,1,0,0,0,1,1,1,1,1,1,1,1
0,0,0,0,0,1,0,1,0,1,0,0,0,0,0,0
1,1,0,1,1,1,1,1,0,1,1,1,1,1,1,1
1,1,1,1,1,1,0,1,1,1,1,0,1,1,1,1
0,1,1,0,1,1,1,1,0,1,1,0,1,1,0,0
1,1,0,0,1,1,1,0,1,1,1,1,1,1,1,1
0,0,1,0,0,0,1,1,1,1,1,1,0,1,1,0
1,1,1,0,1,0,1,1,1,1,1,1,1,1,1,1
1,1,1,0,1,0,1,1,0,1,0,1,1,1,1,1
1,1,1,1,1,1,1,1,1,1,1,0,0,1,1,1
0,1,1,0,1,1,0,1,1,0,1,0,1,1,1,1
0,0,1,0,0,0,1,1,0,1,1,0,1,0,0,0
0,1,1,1,0,1,0,0,1,1,0,1,1,1,1,0
0,0,1,0,0,1,0,0,1,0,1,1,0,0,0,0
1,1,0,1,1,1,0,1,1,1,1,1,1,1,0,1
0,0,0,0,0,0,0,1,0,1,1,0,0,0,1,0
1,1,1,1,1,1,1,0,1,1,1,0,0,1,1,1
1,1,1,1,1,1,1,1,1,0,1,1,0,1,1,1
1,1,1,0,1,0,1,1,1,1,1,1,1,1,0,1
1,0,1,0,1,0,0,0,0,1,0,1,1,1,1,0
1,1,1,0,0,1,1,1,1,1,1,0,1,1,1,1
0,0,0,0,0,0,0,1,1,1,0,0,0,1,1,0
0,0,1,0,1,1,0,0,1,0,0,0,1,1,1,0
0,0,0,0,0,1,1,0,0,1,1,1,0,0,1,0
1,1,1,0,1,1,1,1,1,1,0,1,1,1,1,1
1,0,1,1,0,1,0,1,1,1,1,1,1,1,1,1
0,1,0,1,0,1,1,1,0,1,1,1,1,1,1,1
1,1,1,0,0,1,1,1,1,1,1,0,0,1,1,1
0,1,1,0,1,1,1,1,1,0,1,1,1,1,1,1
0,1,1,0,1,0,1,0,1,1,1,1,1,1,1,1
0,1,1,1,1,1,1,1,1,1,0,1,1,1,1,1
1,0,0,0,0,1,0,0,1,0,1,0,0,1,1,0
1,1,1,1,0,1,1,1,0,1,1,1,1,1,1,1
1,0,0,0,0,0,0,1,1,0,0,0,0,0,1,0
0,0,1,0,0,0,0,0,0,1,0,0,0,1,0,0
0,1,0,1,0,0,1,0,1,0,0,0,0,0,1,0
0,1,1,1,1,0,1,1,1,1,1,1,1,1,1,1
1,1,1,1,1,0,1,1,0,1,0,1,1,1,1,1
1,1,0,1,0,1,0,1,1,1,1,1,1,1,0,1
1,1,1,0,1,1,0,1,1,1,1,1,1,0,1,1
1,0,0,0,0,0,0,1,0,0,0,1,1,1,1,0
0,0,1,0,0,0,0,1,0,0,1,1,0,1,1,0
0,0,1,0,0,0,1,0,0,1,0,1,1,0,0,0
1,1,0,0,1,0,0,1,0,0,1,0,1,0,0,0
1,1,0,1,1,1,1,0,1,1,1,1,1,1,1,1
1,1,1,1,1,1,0,1,0,1,1,1,1,1,1,1
0,1,1,0,0,1,0,1,0,0,1,1,0,0,1,0
1,1,1,0,1,1,0,1,1,1,1,0,1,1,1,1
0,0,0,0,0,0,0,1,0,1,1,1,1,1,0,0
1,0,0,1,1,1,0,1,1,1,1,1,0,1,1,1
1,0,1,1,1,0,1,1,0,1,0,1,1,1,1,1
0,1,1,1,1,1,1,1,1,1,1,0,1,1,1,1
0,0,0,1,0,1,1,1,0,0,0,0,0,0,0,0
0,0,0,1,0,1,0,1,0,1,1,1,1,1,1,1
1,1,0,0,0,0,1,1,1,1,1,1,1,1,1,1
1,1,0,1,1,1,1,1,1,0,1,0,1,1,1,1
0,0,0,1,0,0,1,1,0,1,0,1,0,0,0,0
1,0,0,1,0,0,0,0,0,1,1,1,1,1,0,0
0,1,0,0,0,0,0,0,0,1,1,0,1,1,1,0
1,0,0,0,1,1,1,1,1,1,1,1,0,1,0,1
0,0,0,1,1,1,1,1,1,1,1,0,1,1,1,1
0,0,0,1,1,1,1,1,0,0,1,1,1,1,0,0
0,0,0,0,0,1,0,1,0,1,1,1,1,0,0,0
1,1,0,1,0,0,1,1,0,0,1,1,1,0,0,0
0,0,0,0,0,0,1,0,1,0,0,0,1,1,1,0
0,1,0,0,1,0,1,1,0,1,0,0,0,0,1,0
0,0,0,1,0,1,1,0,0,0,0,1,1,1,0,0
0,0,0,0,0,1,1,1,1,0,1,1,1,0,1,0
0,1,1,1,1,1,1,1,0,1,0,1,1,1,1,1
1,1,1,1,1,1,0,1,0,1,0,1,1,1,1,1
1,1,1,1,1,1,1,0,0,1,1,1,1,1,0,1
0,0,0,0,1,1,1,1,1,0,0,1,0,0,1,0
0,1,0,0,0,1,0,1,1,1,0,1,1,1,0,0
0,0,0,1,1,1,1,1,1,0,0,1,1,0,0,0
1,1,1,1,1,1,1,1,1,1,0,1,1,1,0,1
1,0,0,1,1,1,1,1,1,0,1,1,1,1,0,1
0,1,1,1,1,1,1,1,0,1,1,1,0,0,1,1
0,0,0,1,0,0,0,1,1,1,1,1,0,1,1,0
0,0,0,0,1,1,0,1,1,1,0,0,1,0,1,0
0,0,1,0,1,0,0,1,0,1,1,0,1,1,1,0
1,1,1,1,1,1,0,1,1,1,0,1,1,1,1,1
0,0,1,1,0,1,1,0,1,1,1,0,1,1,1,1
0,0,0,0,0,1,0,1,0,0,1,1,1,1,0,0
1,1,1,1,0,1,0,1,1,0,1,1,0,1,1,1
1,0,0,0,0,1,1,0,0,0,0,1,0,0,0,0
1,1,1,0,1,0,1,1,1,1,1,0,1,1,1,1
0,1,0,0,0,1,1,0,1,1,1,1,0,1,1,0
0,0,1,0,0,1,0,1,0,0,0,0,1,0,1,0
0,0,1,0,0,1,0,1,0,0,0,0,1,1,0,0
0,0,1,0,0,1,1,1,0,1,1,1,1,1,1,1
0,1,1,0,0,0,0,0,1,0,0,0,1,0,0,0
0,0,0,0,0,1,1,0,0,0,0,0,0,1,0,0
0,1,0,0,0,1,1,1,0,1,0,0,0,0,1,0
1,0,0,0,1,0,0,0,0,1,0,1,1,0,1,0
1,1,1,0,1,1,1,1,0,1,1,1,1,1,1,1
1,1,1,0,0,1,0,0,1,0,1,0,1,1,1,0
0,0,0,0,0,1,1,1,1,1,1,1,1,0,1,0
1,1,1,1,1,1,1,0,1,1,0,1,1,1,1,1
1,1,1,1,1,1,1,1,1,1,1,1,0,1,0,1
1,1,1,0,0,1,0,1,1,1,1,1,1,1,1,1
0,0,0,1,0,0,0,0,1,1,1,1,1,1,1,0
1,1,1,1,0,1,1,1,0,1,1,1,1,0,1,1
1,1,1,1,1,1,1,1,0,1,1,0,1,0,0,1
0,0,0,1,0,0,0,0,1,1,1,1,0,0,1,0
0,1,0,0,0,0,0,1,1,0,1,1,1,0,1,0
0,0,0,0,1,1,1,0,0,0,1,1,1,0,1,0
1,0,0,0,0,1,1,0,1,1,1,0,0,0,0,0
0,0,0,1,1,0,0,1,0,1,0,0,1,1,0,0
1,0,0,1,0,0,1,1,1,1,0,0,1,1,0,0
1,1,0,1,0,1,1,1,1,1,0,1,1,1,1,1
1,1,1,1,0,0,1,1,1,0,1,1,1,1,1,1
1,1,0,0,1,1,1,1,1,1,0,1,1,1,1,1
1,1,0,1,0,1,0,0,0,1,1,1,1,0,1,0
1,0,0,1,1,1,0,1,1,0,1,1,1,1,1,1
0,0,0,0,0,1,0,0,1,0,1,0,1,1,0,0
0,0,0,0,0,1,1,0,0,0,0,1,0,0,0,0
1,0,0,0,0,0,1,0,0,0,0,0,1,1,0,0
1,0,1,1,1,1,0,1,0,1,0,1,1,1,1,1
0,1,0,0,0,1,0,0,0,0,0,0,0,0,1,0
1,1,1,1,0,1,1,0,1,1,1,1,0,0,0,0
0,0,0,1,0,0,0,1,0,0,1,0,1,1,1,0
1,1,0,1,1,1,1,0,1,0,1,1,1,1,1,1
1,1,0,1,1,1,0,1,1,1,1,1,1,0,1,1
0,0,0,0,0,0,0,1,0,1,0,1,1,1,1,0
0,1,1,1,0,1,1,1,0,1,1,1,1,1,1,1
0,1,1,0,0,1,1,1,1,1,1,1,1,1,1,1
1,0,1,1,0,1,1,1,0,1,1,1,1,1,1,1
0,0,0,1,0,0,0,1,1,1,1,1,0,0,0,0
0,1,0,0,0,1,1,1,0,0,0,0,0,1,1,0
0,0,0,0,0,0,0,0,0,1,1,1,0,0,0,0
1,1,0,0,1,1,1,1,1,1,1,0,1,1,0,1
0,0,0,0,0,1,0,1,1,1,1,0,0,1,0,0
0,1,0,0,1,0,0,1,1,0,1,0,0,1,1,0
0,1,0,0,0,0,0,0,0,1,0,0,1,1,1,0
1,0,1,1,1,1,1,1,1,1,1,1,1,1,0,1
0,0,0,0,0,1,1,0,1,0,0,0,1,1,1,0
0,0,0,0,1,1,0,1,1,0,0,0,0,0,0,0
1,1,1,1,1,0,0,1,1,1,1,1,1,1,1,1
0,0,0,0,1,0,0,0,0,0,0,0,1,0,0,0
0,0,0,0,0,1,1,1,1,1,1,0,1,1,1,0
0,1,0,0,0,1,1,0,0,0,1,0,0,1,0,0
1,0,1,0,0,0,1,0,1,1,1,0,1,1,1,0
1,1,0,1,0,1,1,1,0,0,1,1,1,1,1,1
0,1,0,0,1,1,1,1,0,0,1,0,0,0,0,0
0,0,0,0,0,1,0,1,0,1,1,0,1,1,0,0
1,1,0,0,0,1,1,1,1,0,1,0,0,1,1,0
0,1,1,0,1,0,1,1,1,0,0,0,1,1,1,1
0,1,0,1,0,0,1,0,1,0,0,0,0,1,1,0
0,1,0,0,1,0,0,0,0,1,0,0,0,1,1,0
1,1,0,0,0,1,1,0,0,1,1,1,1,1,1,1
0,0,1,0,0,0,0,1,1,1,0,1,0,1,1,0
0,0,1,1,1,1,1,1,1,1,1,0,1,1,1,1
0,1,0,0,0,0,1,0,1,0,1,0,1,1,0,0
1,0,1,0,1,1,1,1,1,1,1,1,1,1,1,1
0,1,0,0,0,0,0,0,0,1,1,1,0,1,0,0
1,0,0,0,0,1,1,1,0,0,1,1,0,1,0,0
0,0,1,0,0,1,0,0,0,0,1,0,1,0,0,0
0,0,0,0,1,1,1,0,0,1,1,0,1,1,0,0
0,0,0,0,0,1,1,1,1,1,1,1,1,1,1,1
0,0,1,0,0,0,0,1,0,1,1,0,1,0,0,0
1,1,0,1,1,1,0,1,0,1,1,1,1,1,1,1
0,0,0,1,0,1,1,1,1,1,1,1,1,1,1,1
1,0,1,0,0,1,1,1,0,1,0,0,1,0,0,0
0,0,0,0,0,0,1,0,1,1,0,0,0,0,0,0
0,1,1,1,1,1,1,1,0,0,1,1,1,1,1,1
0,0,0,0,0,1,0,0,1,1,1,0,1,0,1,0
1,1,0,1,0,1,0,1,1,1,1,1,0,1,1,0
1,0,0,1,0,1,1,1,1,1,0,1,0,0,0,0
0,1,1,0,0,1,1,1,0,1,1,0,1,1,1,1
1,0,0,1,0,0,0,1,1,1,1,1,1,1,1,1
1,0,1,1,1,1,0,1,1,1,1,1,0,1,1,1
1,0,0,1,0,0,1,1,1,0,1,1,0,0,1,0
0,1,1,1,1,1,1,1,0,1,1,1,0,1,1,1
0,1,1,1,0,0,1,1,1,1,1,1,1,1,1,1
0,1,1,1,1,1,1,1,1,0,1,1,1,0,1,1
0,0,0,0,0,0,0,1,1,0,1,1,1,0,0,0
1,1,1,1,1,1,1,0,1,1,1,0,1,1,1,1
0,1,1,0,0,1,0,0,0,0,1,1,1,1,1,0
1,1,0,1,1,1,1,1,1,1,1,0,0,1,1,1
0,0,1,0,0,0,0,0,1,0,0,1,1,0,0,0
0,0,0,0,1,0,0,0,0,0,0,1,0,1,0,0
1,1,0,1,0,0,1,1,0,1,1,1,1,1,1,1
0,1,1,0,1,1,1,1,1,1,1,0,1,1,1,1
1,1,1,1,0,1,1,1,1,0,1,1,0,1,1,1
1,1,0,1,1,1,1,1,1,1,1,1,0,1,1,1
1,1,1,1,1,1,1,0,0,1,1,1,1,1,1,1
0,0,0,0,0,0,0,1,0,0,0,1,1,1,1,0
0,0,0,0,1,1,0,1,1,1,1,0,1,1,1,0
1,1,0,0,1,0,1,1,1,1,1,1,1,1,1,1
1,1,1,1,1,1,0,0,1,1,1,1,0,1,1,1
0,0,0,1,0,1,1,0,0,0,1,1,1,1,0,0
0,0,0,0,1,1,0,1,0,0,1,0,0,1,1,0
0,0,0,0,0,0,1,0,0,1,0,0,0,0,0,0
0,0,1,0,1,0,1,1,1,1,1,1,1,1,1,1
0,1,0,0,1,1,0,1,0,0,1,0,1,0,0,0
1,1,0,1,1,1,0,1,1,1,1,1,1,1,1,1
0,0,0,1,1,1,1,0,1,1,1,0,0,0,0,0
0,1,0,0,0,1,1,1,1,0,1,1,0,0,1,0
0,0,1,0,0,1,1,0,1,0,1,1,0,0,1,0
0,0,1,0,1,1,0,1,1,1,1,1,1,1,1,1
1,0,1,0,0,1,1,0,0,0,1,1,1,1,0,0
1,1,1,0,0,1,1,1,1,1,0,1,1,1,1,1
0,0,1,0,1,0,1,1,1,1,1,0,0,0,1,0
0,1,1,1,0,0,1,1,1,1,0,1,1,1,1,1
0,1,0,1,0,1,1,1,0,0,1,1,0,0,1,0
0,1,0,0,0,0,0,0,0,0,1,0,0,0,1,0
0,0,1,0,0,1,1,1,1,1,1,0,1,1,1,0
0,0,1,0,0,0,1,1,0,1,0,1,1,1,1,0
0,0,0,0,0,0,1,1,0,1,1,0,1,1,1,0
1,1,1,1,1,1,1,1,1,0,0,1,0,1,1,1
0,0,1,0,0,0,1,0,0,0,1,1,0,0,0,0
0,1,0,0,1,0,0,0,1,1,1,1,1,0,0,0
1,1,1,1,1,1,1,0,1,0,1,1,1,1,1,1
0,0,0,1,0,0,0,0,0,0,0,1,1,1,0,0
1,0,1,1,1,1,1,1,1,1,1,1,0,1,1,1
0,0,0,1,0,1,0,1,1,1,0,1,0,0,1,0
0,0,1,1,0,0,0,0,1,0,1,1,0,1,0,0
0,0,1,0,0,0,1,0,1,1,0,1,1,1,1,0
0,0,1,1,0,0,0,0,1,0,1,0,0,0,0,0
0,0,0,0,0,0,1,1,1,1,0,1,0,0,0,0
0,0,0,0,0,1,1,1,1,1,0,0,1,0,0,0
0,0,0,0,0,1,1,0,1,0,1,0,1,1,1,0
0,1,0,0,0,0,0,1,0,1,1,1,0,0,1,0
1,0,0,0,0,0,1,0,1,1,1,1,1,1,0,0
1,1,0,1,1,1,1,1,1,1,1,1,1,0,1,1
0,1,1,1,1,1,1,0,1,1,1,1,1,1,0,1
1,1,0,1,0,1,1,1,0,1,1,1,1,1,1,1
1,1,1,0,1,1,1,1,1,1,1,0,1,1,0,1
0,0,0,0,0,0,1,1,0,1,1,0,1,0,0,0
0,0,0,0,0,0,0,0,0,0,0,0,1,1,0,0
1,0,1,0,0,0,1,1,1,0,1,1,1,1,1,1
1,1,1,0,1,0,1,1,1,0,1,1,1,1,1,1
1,0,1,1,1,1,1,1,1,1,1,1,0,1,0,1
0,0,0,0,0,1,1,1,1,1,1,0,0,0,0,0
0,0,0,0,0,1,1,1,1,1,0,0,0,1,1,0
1,1,1,1,1,0,1,1,1,0,1,1,1,1,1,1
0,0,0,0,0,1,0,0,1,0,0,1,0,0,1,0
0,1,1,1,0,1,1,1,1,1,1,1,1,1,0,1
0,0,0,0,0,0,1,1,1,1,1,0,0,0,1,0
0,0,0,0,0,1,1,1,1,1,0,1,0,1,0,0
0,0,1,0,0,0,1,0,0,1,0,0,1,0,0,0
0,1,1,1,1,0,0,1,0,1,1,1,1,1,0,1
0,0,1,0,0,0,1,0,1,0,0,0,0,0,1,0
0,1,0,0,0,1,1,1,0,0,1,1,0,0,0,0
0,0,0,0,0,0,0,0,1,1,1,1,1,1,1,0
0,0,0,1,0,1,1,0,1,1,0,0,0,1,0,0
1,1,1,1,1,1,1,1,0,0,0,1,1,0,1,1
1,1,0,1,1,1,0,1,1,1,1,1,0,1,1,1
0,0,0,0,0,0,1,0,1,1,0,1,1,0,0,0
0,0,0,0,1,1,0,0,0,0,0,1,1,1,1,0
0,0,0,1,0,1,1,1,0,0,1,0,1,1,1,0
0,1,0,0,0,0,1,0,0,1,0,0,1,0,0,0
0,0,0,0,0,0,1,0,1,0,1,1,1,0,1,0
1,0,1,1,1,0,1,1,1,0,0,1,1,1,1,1
1,1,1,0,0,0,0,0,0,0,1,0,0,0,1,0
1,1,0,0,0,1,1,1,0,1,0,0,0,0,1,0
0,0,0,0,1,0,0,1,1,0,1,1,0,0,1,0
0,0,0,1,0,0,0,1,1,0,1,1,0,1,1,0
0,1,0,0,1,1,0,0,1,1,0,0,1,0,0,0
1,1,1,0,0,0,0,0,0,1,0,0,0,0,0,0
0,1,0,0,1,1,0,0,1,0,1,0,1,1,0,0
1,1,0,1,1,0,1,1,1,1,0,1,1,1,1,1
0,1,0,0,0,1,0,0,0,1,0,1,0,0,0,0
1,1,1,1,1,1,1,1,1,0,1,1,1,0,1,1
0,0,0,1,0,1,0,1,1,1,0,0,1,1,1,0
0,0,1,1,1,1,1,1,1,1,0,0,1,1,1,1
0,0,1,1,0,1,0,0,0,1,1,0,0,0,1,0
1,1,0,1,1,0,0,1,1,0,1,1,1,1,0,1
0,0,0,0,0,0,0,0,0,0,0,0,1,0,0,0
0,0,0,0,0,1,1,1,1,0,0,0,0,0,0,0
0,1,0,0,0,0,1,0,0,1,1,0,0,1,0,0
1,0,1,1,0,0,1,0,1,1,0,1,1,1,0,0
0,0,1,0,0,0,0,0,1,0,1,1,1,1,1,0
0,0,0,0,0,0,0,1,1,1,1,0,0,1,1,0
0,0,0,0,1,1,1,1,0,0,1,1,1,0,1,0
1,1,1,0,1,1,0,0,1,1,1,1,0,1,1,1
0,0,0,0,0,0,0,1,1,1,0,0,0,0,0,0
0,0,0,1,0,0,0,1,1,0,1,0,1,0,1,0
1,1,0,1,0,1,1,0,0,1,1,1,1,1,1,1
1,1,0,1,1,1,1,1,1,1,1,0,1,0,1,1
1,0,0,0,0,1,1,1,0,1,0,0,1,1,1,0
1,1,1,0,1,1,0,0,0,1,1,1,1,1,0,1
0,0,1,0,1,0,0,1,0,0,1,0,1,1,1,0
1,1,1,1,0,1,1,1,1,1,0,1,0,1,1,1
1,1,1,1,1,1,0,0,1,1,0,1,1,1,1,1
0,0,1,0,1,1,0,1,1,1,0,1,0,0,1,0
1,0,0,1,1,1,1,1,1,1,0,0,1,0,1,0
1,1,1,0,1,1,1,0,0,0,1,1,1,1,1,1
1,0,0,0,0,0,1,0,0,1,0,0,0,1,0,0
1,0,0,1,0,1,1,1,1,1,1,1,1,1,0,1
1,0,0,1,1,1,1,1,1,1,1,1,0,1,1,1
1,0,0,0,0,0,0,1,1,1,0,1,0,1,0,0
0,1,1,0,1,0,1,1,0,0,1,0,0,0,1,0
1,1,0,0,0,0,0,1,0,0,0,1,1,1,0,0
1,0,1,1,0,1,1,1,1,0,1,1,0,1,1,1
0,0,0,0,0,0,0,0,1,1,1,0,1,0,1,0
0,1,1,1,1,1,1,1,1,1,1,1,0,0,1,1
0,0,0,1,0,0,1,0,1,0,1,0,0,1,0,0
0,0,1,0,0,1,1,1,1,0,1,0,0,1,0,0
1,1,0,1,1,1,1,0,1,1,0,1,1,1,0,1
1,1,0,1,0,1,1,1,1,1,1,1,1,0,1,0
0,0,1,0,0,0,1,0,0,1,1,0,0,0,0,0
1,0,1,1,1,1,1,1,1,1,1,1,1,0,1,1
0,0,1,0,1,1,0,0,1,1,1,1,1,1,1,0
0,1,1,1,1,1,1,0,1,0,1,1,1,1,1,1
0,1,0,0,0,0,1,1,0,0,0,0,0,0,0,0
1,1,1,0,0,1,1,1,1,1,1,1,0,1,1,1
0,1,0,1,1,1,1,1,1,1,0,1,1,1,1,1
0,1,1,0,0,0,1,1,1,1,0,0,1,1,1,0
0,0,0,1,0,0,1,0,0,1,0,1,1,1,1,0
0,0,0,0,1,1,0,0,0,0,0,0,0,1,0,0
1,0,0,1,1,1,0,1,1,1,1,1,1,1,1,1
1,0,1,0,1,1,1,0,1,1,1,1,1,1,1,1
0,0,0,0,0,1,0,1,0,0,1,0,1,0,1,0
1,0,0,1,1,1,1,1,0,1,1,1,0,1,1,1
0,1,0,0,0,1,0,0,1,1,0,0,1,0,0,0
1,1,0,1,1,1,1,1,1,1,0,1,1,0,1,1
1,0,1,1,1,1,1,1,1,0,0,1,1,1,1,1
1,1,1,0,1,1,1,0,1,0,1,1,1,1,1,1
1,0,1,1,1,1,1,1,1,0,1,0,1,1,1,1
0,0,0,0,0,0,0,0,1,0,1,1,1,0,1,0
1,0,1,1,1,1,0,1,1,1,1,1,1,1,1,1
1,1,0,0,0,1,0,0,0,1,1,1,1,1,1,0
1,0,1,0,1,0,1,0,0,1,1,1,1,0,1,0
0,0,1,0,0,0,0,1,0,1,0,1,1,1,1,0
1,0,1,0,0,1,1,1,1,1,1,1,0,1,1,1
0,0,0,0,0,1,0,0,1,1,1,0,0,1,0,0
0,0,0,0,1,0,1,1,1,0,0,0,0,1,1,0
1,0,0,1,0,0,1,0,0,0,0,0,1,1,1,0
0,1,1,1,1,1,1,1,1,1,1,1,1,0,1,1
0,1,0,0,0,1,0,0,0,1,0,1,1,1,0,0
1,1,1,1,1,1,0,1,1,1,0,0,1,1,1,1
1,1,0,0,0,1,1,0,1,1,1,1,1,1,1,1
0,0,0,0,0,1,0,0,0,1,0,1,1,1,0,0
0,1,0,0,1,0,0,0,0,1,1,0,1,1,1,0
0,1,0,1,1,1,1,1,1,1,1,0,1,1,1,1
1,1,1,1,0,1,1,1,1,1,1,0,1,0,1,1
0,0,0,0,1,1,1,0,0,0,1,1,1,0,0,0
0,1,0,0,0,1,0,1,0,1,0,1,0,0,1,0
0,1,1,0,1,1,1,1,1,0,0,0,0,1,1,1
1,1,0,1,0,1,1,1,1,1,1,1,1,0,1,1
1,0,1,1,1,0,1,1,1,1,0,1,1,1,1,1
1,1,1,0,0,1,0,0,0,1,1,1,0,1,1,0
1,1,0,1,0,1,1,0,1,1,1,1,1,1,1,1
1,0,1,1,0,0,1,1,1,0,1,1,1,1,1,1
0,1,0,0,0,1,0,0,0,1,0,1,1,0,0,0
0,1,1,1,1,1,1,0,1,1,0,1,0,1,1,1
0,1,0,1,1,1,1,0,1,1,0,1,1,0,1,1
1,1,0,1,1,1,1,1,0,1,1,1,0,1,1,1
1,0,0,1,0,1,0,1,1,0,0,0,0,0,0,0
1,0,0,1,0,0,0,0,1,1,1,1,0,0,0,0
0,0,0,0,1,1,0,1,1,0,1,1,0,0,0,0
0,0,0,1,0,0,1,1,1,1,1,1,1,1,1,1
1,0,0,1,1,0,1,0,1,1,1,1,1,1,1,1
1,0,1,0,0,1,0,1,1,0,0,1,0,0,1,0
1,0,1,1,0,1,1,1,1,0,1,0,1,1,1,1
0,1,1,1,1,1,1,1,1,1,0,1,1,0,1,1
0,0,0,0,0,0,0,1,0,1,1,0,0,0,0,0
0,1,0,1,1,0,0,0,0,1,0,0,1,0,0,0
0,1,0,1,1,1,1,1,1,0,1,1,1,1,1,1
0,1,0,1,1,1,1,0,1,1,1,1,1,1,1,1
1,0,1,1,0,1,1,1,1,0,1,1,1,0,1,1
1,0,1,1,0,1,1,1,1,0,1,1,1,1,1,1
1,1,1,1,0,1,1,0,1,0,1,1,1,1,1,1
0,0,0,0,1,0,1,0,0,0,0,0,0,1,0,0
0,1,1,0,0,1,1,0,1,1,1,1,1,1,1,1
1,1,0,0,1,1,1,1,1,1,0,1,1,0,1,1
0,0,1,0,0,0,0,1,0,0,1,1,0,1,0,0
0,1,1,1,1,1,1,1,1,0,1,1,1,1,1,1
0,0,0,0,0,0,0,0,0,1,0,0,1,0,1,0
1,1,1,1,1,1,1,1,1,1,1,0,1,0,1,1
0,0,1,0,0,1,0,1,1,0,1,0,1,1,0,0
1,1,0,0,0,0,1,1,1,0,1,1,1,0,0,0
1,1,0,1,1,1,1,1,1,0,1,0,1,0,1,1
1,1,1,1,1,0,1,1,1,1,1,0,1,1,0,1
0,0,1,0,0,1,1,0,1,1,1,1,1,0,1,1
1,0,0,0,0,1,0,0,0,0,1,1,0,1,1,0
0,0,0,0,0,0,1,1,0,1,0,1,0,1,0,0
0,0,0,0,1,1,1,1,0,1,0,1,0,1,1,0
1,0,0,1,1,1,1,1,1,1,0,1,1,1,1,1
1,1,1,1,1,1,0,0,1,1,1,1,1,1,0,1
0,0,0,0,0,0,1,1,1,0,0,1,0,1,0,0
0,0,0,0,0,0,0,1,0,0,1,0,1,0,1,0
0,0,0,0,0,0,1,0,1,0,1,0,0,0,0,0
0,0,0,0,0,1,1,1,0,1,0,0,1,1,1,0
0,0,0,0,0,0,1,0,1,0,1,0,0,0,1,0
0,0,1,1,0,0,1,0,1,0,0,0,1,1,1,0
1,1,1,0,0,0,1,0,0,0,0,0,1,1,1,0
0,0,0,1,0,0,1,1,1,0,1,0,0,1,1,0
0,0,0,0,0,1,1,1,0,0,1,0,1,1,0,0
0,0,0,0,0,0,0,1,0,0,1,1,0,1,1,0
1,1,0,1,1,0,1,1,1,1,1,1,1,1,0,1
1,1,1,0,1,1,1,1,1,1,1,1,0,1,1,1
0,1,0,0,0,0,0,0,0,1,1,1,0,0,1,0
1,0,0,0,0,0,1,1,1,1,0,1,0,1,1,0
0,0,1,1,1,1,1,1,0,1,1,1,1,1,1,0
1,1,1,1,1,0,1,1,1,0,1,0,1,1,1,1
1,0,1,0,0,1,1,1,1,0,1,1,0,1,1,1
0,1,1,1,0,1,1,1,1,1,1,0,0,1,1,1
0,0,0,0,1,1,1,0,0,0,0,0,0,0,0,0
0,0,0,0,0,0,0,0,1,0,0,0,1,1,0,0
1,0,0,0,0,0,0,0,1,0,1,0,1,0,1,0
0,0,1,0,0,1,0,0,0,1,0,0,1,0,1,0
1,1,1,1,1,1,1,1,1,1,0,1,1,0,1,1
0,0,0,0,0,1,1,1,1,0,1,1,0,0,1,0
1,0,1,0,0,0,0,1,0,0,0,0,1,1,0,0
1,0,1,0,1,0,1,0,0,0,1,0,0,0,1,0
1,1,0,0,0,1,0,0,1,0,1,0,0,0,1,0
1,1,0,0,0,1,1,1,1,1,1,0,1,1,0,1
0,0,0,0,0,0,1,1,1,0,0,0,0,0,0,0
1,1,1,0,1,1,1,1,1,1,1,0,0,1,1,1
0,1,0,1,1,1,1,1,1,1,1,1,1,0,1,1
0,1,1,1,1,1,1,0,1,1,0,1,1,1,1,1
0,0,1,0,0,1,1,1,1,1,1,1,1,1,1,1
0,1,1,1,0,1,1,0,1,1,0,1,1,1,1,1
0,0,0,1,1,1,1,1,1,1,1,1,1,1,1,1
0,0,1,1,1,0,1,1,1,1,1,1,1,1,1,1
1,0,0,0,0,0,1,0,1,1,1,1,0,0,0,0
0,0,0,1,0,0,1,0,0,0,0,1,1,1,1,0
0,0,1,0,0,1,1,0,0,0,1,1,0,1,1,0
0,0,0,0,1,1,0,1,1,1,0,1,0,0,1,0
1,0,1,0,1,0,1,0,1,1,1,1,1,1,1,1
0,0,1,1,0,1,0,1,1,0,1,1,1,0,0,0
0,0,1,0,1,1,1,1,1,1,1,1,1,1,1,1
1,0,1,0,0,1,1,1,0,1,0,1,1,1,0,1
1,0,0,0,0,0,0,0,0,1,0,0,1,0,0,0
0,0,1,0,0,0,1,0,1,0,0,0,1,1,0,0
0,0,0,0,0,1,0,1,1,0,0,1,0,0,1,0
0,0,0,0,0,1,1,0,1,0,1,0,1,0,0,0
1,1,1,1,1,1,0,1,0,0,1,1,1,1,1,1
0,1,1,1,1,1,1,1,1,0,1,0,1,1,1,1
1,1,1,1,0,1,1,1,1,1,1,0,1,1,1,1
0,1,0,0,0,0,0,0,0,1,0,0,1,0,0,0
1,0,0,0,0,1,1,1,1,0,0,0,0,1,0,0
0,0,0,0,0,1,0,1,0,0,1,0,0,0,0,0
0,1,0,0,0,1,0,1,0,0,1,0,1,1,1,0
0,0,0,0,0,1,0,0,0,1,1,1,1,1,1,0
0,0,1,1,0,1,1,0,1,0,0,0,1,0,0,0
1,1,0,0,0,1,0,1,0,1,0,0,0,1,1,0
1,0,0,1,1,1,1,1,1,1,1,0,1,1,0,1
0,0,0,0,0,0,1,0,0,0,1,0,1,0,1,0
1,0,0,1,1,0,1,1,1,1,0,0,0,1,0,0
1,0,1,1,1,1,1,1,1,1,1,0,1,1,0,1
0,0,0,0,0,1,1,1,0,0,1,0,1,0,0,0
1,1,0,1,1,0,1,0,1,1,1,1,1,1,0,1
0,1,1,0,1,0,1,0,1,1,1,0,1,1,1,0
1,0,0,1,0,1,1,1,1,0,1,0,1,1,1,0
1,1,0,1,1,1,1,1,1,0,0,1,1,1,1,1
0,0,0,1,0,0,1,0,0,1,1,0,0,0,0,0
0,1,1,0,1,0,1,0,0,0,0,0,1,0,0,0
0,0,0,0,1,0,0,0,0,0,0,0,1,1,1,0
0,1,1,1,1,1,0,1,1,1,0,1,1,1,1,1
1,0,0,1,1,1,0,0,1,1,0,0,1,1,1,0
0,1,1,1,1,1,0,1,1,1,1,1,1,1,1,1
1,1,1,1,1,1,1,1,0,1,1,1,0,1,1,1
1,0,0,0,0,0,0,0,0,1,0,0,0,1,1,0
0,1,1,1,0,0,1,0,0,1,1,1,1,1,1,0
1,1,0,0,1,1,1,0,1,1,1,1,0,1,1,1
0,0,0,0,0,0,0,1,1,0,1,1,1,1,0,0
0,1,1,0,0,1,0,0,0,1,0,1,0,0,1,0
1,0,0,0,0,0,0,1,1,0,0,1,1,1,0,0
0,0,0,0,0,1,0,1,0,1,0,1,1,0,0,0
0,0,0,0,0,1,1,0,1,1,0,1,0,1,1,0
1,0,0,0,0,1,1,0,0,1,0,0,1,1,1,0
1,0,1,0,1,1,1,1,0,1,0,0,0,0,0,0
1,0,1,1,1,0,0,0,0,1,1,1,1,1,0,1
0,0,0,1,0,1,0,0,0,0,0,1,0,1,1,0
1,1,0,1,0,1,0,1,1,1,1,1,1,0,1,1
0,1,0,0,0,1,0,0,0,0,0,1,0,0,1,0
0,0,0,0,0,1,1,0,0,1,0,0,1,1,0,0
0,0,0,0,0,0,1,1,0,1,1,0,1,0,1,0
0,0,0,0,0,0,0,1,1,0,0,0,0,1,0,0
1,1,1,1,0,1,1,0,0,1,1,1,1,1,1,1
1,1,0,1,0,0,0,0,0,0,1,0,0,0,1,0
1,0,0,1,0,1,1,1,1,0,1,1,1,1,0,1
1,1,1,1,1,1,0,0,0,1,1,1,1,1,1,1
1,1,0,1,1,1,0,1,1,1,1,0,1,1,1,1
1,1,1,0,1,1,0,1,1,1,1,1,0,1,1,1
0,0,0,1,0,0,1,0,1,0,0,1,0,1,1,0
1,0,0,0,0,1,1,1,1,0,1,1,1,1,0,0
1,1,1,1,0,1,1,0,1,1,1,1,0,1,0,1
0,0,1,1,0,1,1,1,1,1,1,0,0,1,1,1
0,1,0,1,0,1,1,1,1,1,0,0,0,0,1,0
0,0,0,1,1,0,1,1,1,0,0,0,0,1,1,0
1,1,0,1,1,1,0,0,0,0,1,1,0,1,0,0
0,1,0,1,0,1,0,1,0,0,1,1,1,0,1,0
1,0,0,1,0,1,1,0,0,0,1,0,0,0,0,0
0,1,1,0,1,1,1,1,0,1,1,1,1,1,1,1
0,0,0,0,0,1,0,1,0,0,0,1,1,0,1,0
0,0,0,0,0,0,0,1,1,0,1,0,0,1,0,0
0,0,0,0,1,1,1,1,0,1,1,1,0,0,1,0
0,0,0,0,0,0,0,1,1,1,1,0,1,1,0,0
1,0,1,1,1,0,0,0,1,1,1,1,1,1,0,1
0,0,0,0,0,0,0,0,1,1,0,1,0,1,0,0
1,0,1,1,1,1,0,1,1,0,1,1,1,1,1,1
0,0,0,0,0,0,0,0,1,1,0,1,1,0,0,0
0,0,0,0,0,1,0,1,1,0,1,0,1,0,1,0
0,0,0,1,0,0,1,1,0,0,1,0,1,1,1,0
0,0,0,0,0,0,1,1,1,0,0,1,0,0,1,0
0,0,0,0,1,1,0,1,0,1,0,0,0,0,1,0
1,1,0,0,1,1,0,1,1,1,1,1,1,1,0,1
1,1,0,0,0,1,1,1,0,0,1,0,0,0,1,0
1,1,1,1,1,1,0,0,1,1,1,1,1,0,1,1
1,1,0,0,1,1,1,0,1,1,1,1,1,1,0,1
0,0,0,0,1,0,0,1,0,1,0,1,0,0,1,0
0,0,0,0,0,0,0,1,0,0,0,1,0,1,0,0
1,0,1,1,1,1,1,1,0,1,0,1,1,0,1,0
1,1,1,1,1,1,1,0,1,1,1,1,0,1,0,1
1,0,1,1,0,1,1,1,0,1,0,0,1,0,1,1
0,0,0,0,0,0,1,0,1,0,1,0,1,0,1,0
1,1,1,1,0,1,1,1,0,1,1,1,1,1,0,1
1,1,0,0,0,1,1,1,0,1,1,1,0,1,1,1
0,1,1,1,1,1,1,1,1,1,0,0,1,1,0,1
0,0,1,0,0,0,1,1,0,0,1,1,1,1,1,0
0,1,0,1,1,1,1,0,1,1,1,1,1,1,0,1
0,0,0,0,0,0,1,0,0,0,1,0,0,0,0,0
0,1,0,0,1,0,1,1,0,0,0,0,0,0,1,0
0,0,0,0,1,1,0,1,1,0,0,1,0,1,0,0
0,0,0,1,1,0,0,1,1,0,0,0,1,1,1,0
0,0,1,1,1,1,1,1,1,1,0,0,1,1,0,1
0,1,0,1,0,0,1,0,1,0,0,1,1,1,1,0
1,0,1,1,0,1,1,1,1,1,1,1,0,1,1,1
1,1,1,0,1,1,1,1,0,1,1,1,0,1,1,1
0,0,1,0,0,0,1,1,1,0,0,1,0,1,1,0
0,0,0,0,0,1,1,1,1,0,0,1,0,0,0,0
0,1,1,1,0,1,1,1,1,0,1,1,0,1,1,1
0,0,0,0,1,1,0,1,1,1,1,0,0,0,0,0
0,0,0,0,0,0,1,0,1,0,1,0,0,1,1,0
1,1,1,1,0,1,1,0,1,1,1,1,1,0,1,1
0,0,0,0,0,0,1,1,1,0,0,1,1,0,0,0
1,0,1,0,0,0,0,0,1,0,1,1,1,0,1,0
0,0,0,0,0,1,1,1,0,1,0,0,0,0,0,0
0,0,0,0,0,0,1,0,0,1,0,1,1,0,1,0
0,1,1,1,1,1,1,1,1,0,1,0,0,0,1,1
0,0,0,0,0,0,0,0,1,1,1,1,0,1,0,0
1,1,1,0,0,1,1,1,1,0,1,0,1,1,1,1
0,0,0,0,0,0,1,1,1,0,0,0,1,0,1,0
0,1,0,0,0,1,1,1,0,1,1,1,1,0,1,1
1,1,0,1,1,1,1,0,0,1,1,1,1,1,1,1
0,0,0,0,0,1,0,0,1,0,0,0,0,1,1,0
0,0,0,0,0,0,0,0,1,1,0,0,0,0,1,0
0,1,0,1,1,0,1,1,1,1,0,0,0,1,1,0
0,0,0,0,0,1,1,1,0,1,0,1,1,0,0,0
1,0,0,0,0,0,0,0,1,0,0,1,0,1,0,0
1,1,1,1,0,1,1,1,1,0,0,1,0,1,1,1
1,1,1,0,0,1,1,1,0,1,1,1,1,1,1,1
0,1,0,1,0,0,1,1,0,0,1,1,0,0,1,0
0,1,1,1,0,1,1,0,1,0,1,1,1,1,1,1
0,0,0,0,1,0,1,0,0,0,1,1,1,1,0,0
0,1,0,0,0,1,0,1,0,1,1,0,0,1,0,0
1,1,0,1,0,1,1,1,1,0,1,1,1,0,0,1
1,1,0,1,0,0,1,0,1,1,1,0,0,0,1,0
1,1,0,0,0,1,0,0,1,0,1,1,1,1,0,0
0,0,0,0,0,1,1,1,1,1,1,1,0,1,1,0
0,0,1,1,1,1,1,1,0,0,0,1,1,0,0,0
0,0,1,0,0,0,1,0,0,1,1,1,1,1,0,0
1,0,0,1,0,1,1,1,1,1,1,1,0,1,1,1
1,0,0,0,1,0,1,0,0,0,1,1,0,0,0,0
0,0,1,1,0,1,1,1,1,0,1,1,1,1,1,1
0,0,0,1,1,0,1,0,0,1,1,1,1,1,1,1
0,0,0,0,0,1,1,1,0,0,0,0,0,0,0,0
0,0,0,1,0,1,0,0,1,1,1,1,0,1,1,0
1,1,1,0,1,0,1,1,0,1,1,1,1,0,1,1
1,0,0,0,0,0,1,1,0,0,1,0,1,0,1,0
0,0,0,0,0,0,1,1,1,1,1,1,0,1,0,0
0,0,0,1,1,0,0,0,0,1,0,0,0,1,0,0
0,0,0,0,0,0,1,1,0,0,0,1,1,1,1,0
0,0,0,0,0,1,0,1,1,0,1,1,1,0,0,0
0,1,1,1,0,0,1,1,1,1,1,0,1,1,0,1
0,0,0,0,0,0,1,1,0,1,1,0,0,0,0,0
0,0,0,0,0,1,1,0,1,0,1,0,1,1,0,0
1,1,1,1,1,1,1,0,0,1,1,1,0,0,1,1
0,0,0,0,0,1,1,1,1,1,0,0,0,0,1,0
0,1,0,1,0,1,1,1,1,0,1,1,1,1,1,1
0,1,1,0,1,1,1,1,1,1,0,1,1,0,1,1
0,1,0,0,0,0,0,1,1,0,0,0,0,0,1,0
1,0,0,0,0,0,0,1,0,0,0,0,1,1,1,0
1,1,1,1,1,1,1,1,1,1,1,0,1,1,0,1
1,0,1,1,0,1,1,1,1,1,0,0,1,1,1,1
0,0,0,0,0,0,1,0,0,0,1,1,1,0,1,0
0,0,1,0,0,0,1,0,1,0,1,1,0,1,0,0
1,0,0,0,0,0,0,1,0,1,0,1,1,1,1,0
0,0,1,0,0,0,0,0,0,0,0,0,0,1,1,0
1,1,1,1,1,0,1,1,1,1,1,1,0,1,1,1
0,1,1,1,1,1,0,1,1,1,1,0,1,1,1,1
0,1,1,0,0,0,1,1,1,1,1,1,0,1,1,1
1,0,0,0,0,0,1,0,0,0,0,0,0,1,1,0
0,0,0,1,1,0,0,1,0,0,0,0,1,1,1,0
1,0,1,0,1,1,0,1,1,1,1,1,1,1,0,1
0,0,0,1,0,1,0,0,1,0,1,0,0,1,0,0
1,0,1,1,0,1,0,1,1,0,1,0,0,1,0,0
0,0,0,0,0,0,1,1,1,1,0,0,1,1,1,0
0,0,0,0,0,1,0,0,1,1,0,0,1,0,1,0
0,1,0,0,1,1,1,1,1,1,1,1,1,1,1,1
0,1,1,1,1,1,1,1,1,1,1,1,0,1,0,1
0,0,0,0,0,0,1,0,0,0,1,0,0,0,1,0
0,1,1,0,0,0,1,1,1,1,1,1,1,1,1,1
0,1,1,1,1,1,1,1,0,1,1,1,1,1,1,1
0,0,0,0,1,1,1,1,1,0,0,0,0,1,1,0
0,0,0,0,0,1,0,0,1,1,0,1,1,0,1,0
0,1,0,0,0,1,0,1,1,0,1,0,0,1,0,0
1,0,0,0,0,1,1,1,1,1,0,1,1,1,1,1
0,1,0,0,0,0,1,1,1,1,1,0,0,1,1,0
1,0,0,0,1,0,1,1,1,1,1,0,1,0,1,0
0,0,1,0,0,0,1,0,0,0,0,0,1,1,1,0
0,0,0,0,1,0,1,0,0,0,1,0,1,1,0,0
1,0,0,0,0,0,0,1,1,0,0,0,1,0,1,0
0,0,0,0,0,1,1,0,0,0,0,1,1,1,1,0
0,0,1,0,0,0,0,0,0,0,1,0,0,1,1,0
1,0,0,0,1,0,1,1,1,1,1,1,1,1,0,1
0,0,0,0,0,1,0,0,0,1,0,1,1,0,1,0
0,0,1,1,1,0,1,0,1,1,0,0,0,1,1,0
1,1,1,0,1,0,0,1,0,1,1,1,1,1,1,1
0,0,1,0,0,0,0,1,1,1,0,1,1,0,0,0
0,0,0,1,0,0,1,0,1,1,0,0,1,0,0,0
1,1,1,0,0,0,0,0,1,1,1,0,1,0,0,0
1,1,0,1,1,1,1,1,0,1,0,1,1,1,1,1
0,1,0,0,0,0,0,1,1,1,1,0,1,0,1,0
1,0,0,0,0,1,0,1,1,1,1,1,1,1,1,1
0,0,0,0,0,1,0,1,0,0,0,1,0,0,1,0
1,1,1,1,0,1,0,1,0,1,1,1,1,1,1,1
1,0,1,1,1,1,1,1,0,1,1,0,1,1,1,1
1,1,0,1,0,1,0,1,1,0,1,1,1,1,1,1
0,0,1,1,1,1,1,0,1,0,0,1,1,1,1,1
1,1,1,0,1,1,1,1,0,1,0,1,1,1,1,1
1,0,0,0,0,0,0,1,0,0,0,0,0,1,1,0
1,0,0,1,1,1,1,0,1,0,1,0,1,1,1,1
1,1,1,1,1,0,1,0,1,1,1,1,1,1,0,1
1,1,0,0,1,1,0,1,1,1,1,1,1,1,1,1
1,1,0,0,1,1,1,0,1,1,1,0,1,1,1,1
1,0,1,1,1,1,1,1,1,1,0,1,1,1,0,1
1,0,0,0,0,1,0,1,0,1,1,0,0,1,1,0
0,0,0,1,1,1,1,1,1,0,1,1,1,1,1,1
1,1,0,0,0,1,1,1,1,1,1,1,1,1,1,1
0,0,0,1,0,1,0,0,0,1,0,0,0,1,1,0
0,0,0,0,1,0,1,1,0,0,0,1,0,0,1,0
0,0,0,1,0,1,0,0,1,1,0,0,0,1,1,0
0,1,1,1,1,1,1,1,1,1,0,1,1,0,0,1
0,0,0,0,0,0,1,0,1,1,0,0,0,1,1,0
0,0,0,0,0,0,1,0,1,1,1,0,0,0,1,0
0,0,0,0,0,0,1,0,1,0,0,1,1,0,1,0
1,0,0,1,0,0,1,1,0,0,1,1,0,0,1,0
0,0,0,0,0,1,0,1,0,1,1,1,0,1,1,0
0,0,0,1,1,1,1,1,1,1,1,1,1,1,0,1
0,0,1,1,1,1,0,1,1,1,1,1,1,1,1,1
0,1,0,1,1,1,1,1,0,1,1,1,1,1,0,1
0,0,1,1,1,0,1,1,1,1,0,1,1,1,0,1
0,1,0,1,0,1,1,0,0,0,1,0,0,0,0,0
0,0,1,0,1,1,0,0,1,1,1,0,1,1,0,0
0,0,1,0,0,1,1,0,0,0,0,0,1,1,1,0
0,0,0,0,0,1,1,1,0,0,0,1,1,0,0,0
1,0,1,0,1,1,1,1,1,1,0,1,1,1,1,1
0,1,1,0,1,1,0,1,1,1,1,1,1,1,1,1
0,0,0,0,0,1,0,1,1,0,1,0,0,1,1,0
0,0,0,0,0,1,1,0,1,0,1,1,1,0,1,0
0,1,0,0,1,0,0,0,0,1,0,0,1,0,1,0
0,0,1,0,0,1,1,0,0,1,1,0,1,1,1,0
0,0,0,0,0,1,0,1,1,1,0,0,1,1,1,0
0,1,1,1,1,1,0,1,0,1,1,0,1,1,1,1
0,1,0,1,1,1,0,1,1,0,1,1,0,0,0,0
1,1,1,0,1,1,1,1,1,0,1,0,1,1,1,1
1,1,0,0,0,1,1,1,1,1,0,0,1,0,0,0
1,1,0,0,0,1,1,0,0,1,0,1,0,1,1,0
0,1,0,0,0,0,1,1,0,0,0,0,0,1,1,0
1,1,0,1,1,1,1,0,0,1,1,1,1,0,1,1
0,0,0,0,0,0,0,1,0,0,1,1,0,0,1,0
0,0,0,0,0,0,0,0,1,1,1,0,0,0,0,0
0,0,0,0,1,0,1,0,0,0,1,1,1,0,0,0
1,1,1,1,0,1,1,1,1,0,1,0,1,1,1,1
1,1,1,1,0,1,1,1,1,1,1,1,1,1,0,1
0,1,1,0,0,0,1,0,0,0,1,0,1,0,0,0
0,0,0,0,0,1,0,0,1,1,0,0,0,1,1,0
1,0,1,0,0,1,0,0,0,1,1,0,1,1,0,0
0,0,0,1,0,1,1,1,0,0,1,0,1,1,0,0
0,0,0,0,0,0,1,1,0,1,0,1,1,1,0,0
0,0,0,0,1,1,0,0,0,0,0,1,0,1,1,0
1,1,1,1,1,0,0,0,1,1,1,1,0,1,1,1
0,0,0,0,1,1,0,0,1,0,0,0,1,1,0,0
0,0,0,0,0,1,1,1,0,1,0,0,1,1,0,0
0,1,0,0,0,1,1,1,0,1,0,0,1,1,0,0
0,0,0,0,0,0,1,1,0,0,0,1,0,1,1,0
0,0,0,0,0,0,0,0,1,0,1,0,1,0,0,0
0,0,0,0,1,1,1,0,1,0,0,1,1,0,0,0
0,1,1,0,1,1,1,1,1,1,0,0,1,0,0,1
0,1,0,0,0,0,1,0,0,0,0,1,1,1,0,0
0,1,0,0,0,1,1,0,1,0,0,0,1,1,0,0
0,1,1,0,1,1,1,0,1,1,1,1,1,0,1,1
1,0,1,0,1,1,0,1,1,1,1,1,1,1,1,1
0,0,0,0,1,1,1,0,1,0,1,1,0,1,1,0
1,0,1,0,1,1,1,1,0,1,1,1,1,0,1,1
1,1,1,0,1,1,0,0,1,1,1,1,1,1,1,1
0,0,0,0,1,1,1,1,0,1,0,1,1,1,0,0
0,0,0,0,1,1,1,1,0,0,1,0,1,1,1,0
1,1,1,1,1,0,0,1,1,1,1,0,1,1,1,1
1,0,0,0,0,0,0,0,1,1,0,1,0,1,1,0
0,0,0,0,0,0,1,0,1,1,1,0,1,0,1,0
0,0,0,1,0,0,0,0,1,1,0,0,1,0,1,0
0,0,0,0,0,1,0,1,1,1,0,1,1,1,0,0
0,0,0,0,0,0,0,0,1,0,0,0,0,1,0,0
1,0,0,1,0,0,1,1,0,0,1,0,0,0,1,0
