cough,fever,shortness_of_breath,chest_pain,fatigue,confusion,sputum_production,rapid_breathing,muscle_aches,headache,chills,dizziness,weakness,loss_of_appetite,joint_pain,outcome
1,1,1,1,1,1,1,1,1,1,1,1,0,1,1,1
0,1,1,1,0,1,1,1,1,1,1,1,1,1,0,1
1,0,1,0,1,1,1,0,1,1,1,1,1,1,1,1
1,1,1,1,1,1,1,1,1,1,1,1,1,1,1,1
1,1,1,1,0,0,1,1,1,1,1,1,1,1,1,1
0,1,1,0,1,1,1,1,1,0,1,1,1,1,1,1
1,1,0,0,1,1,1,1,1,1,1,1,0,1,0,1
0,0,1,1,0,0,0,1,1,1,0,0,1,1,1,0
1,1,0,1,1,1,1,1,1,1,1,1,1,1,1,1
1,1,1,0,0,1,1,1,1,1,1,1,1,1,1,1
1,1,1,1,1,1,0,1,1,0,1,1,1,1,1,1
0,1,0,0,1,1,1,1,0,1,1,1,0,1,1,1
1,1,1,1,1,1,1,1,1,1,0,1,1,1,1,1
1,1,1,1,1,1,0,1,1,0,1,1,0,1,1,1
1,1,1,1,1,1,1,1,0,1,1,1,1,1,1,1
0,1,1,0,1,1,1,1,1,1,1,0,1,1,1,1
0,0,0,1,0,0,0,0,0,1,1,1,1,0,0,0
1,0,0,0,0,0,1,1,0,1,1,1,1,1,1,0
1,1,1,0,1,1,1,1,1,1,1,1,1,1,1,1
1,0,1,1,0,1,1,1,1,1,1,1,1,0,1,1
0,1,1,1,1,0,1,1,1,1,1,1,1,1,1,1
1,1,1,1,1,1,1,1,1,1,0,0,1,1,1,1
0,1,1,1,1,1,1,1,1,1,1,1,0,1,1,1
0,0,1,1,1,1,1,1,1,1,1,1,1,0,1,1
0,1,0,1,1,1,1,1,0,1,1,1,1,1,0,1
1,0,1,1,1,1,1,1,0,1,0,1,1,1,1,1
1,0,1,1,1,1,1,0,1,1,1,1,1,1,1,1
0,0,0,0,0,1,1,0,0,1,1,1,1,0,0,0
1,1,1,0,1,1,0,1,1,1,1,1,1,1,1,1
0,0,1,0,1,0,1,0,1,0,0,1,0,1,1,0
1,1,1,1,0,1,1,1,1,1,1,1,1,1,1,1
1,1,1,0,0,1,1,1,0,0,1,0,1,0,1,1
0,1,0,1,1,1,1,1,1,1,1,1,1,1,0,1
0,0,1,0,1,0,1,1,0,1,1,1,0,0,1,0
0,1,1,1,0,1,1,0,1,1,1,1,1,1,1,1
0,0,1,0,0,0,1,1,1,0,1,1,1,1,1,1
1,0,1,1,1,1,1,1,1,1,1,1,0,1,1,1
1,1,0,1,0,1,1,0,1,1,1,1,1,0,1,1
1,0,0,1,1,1,1,1,1,1,1,1,1,1,1,1
0,0,0,1,0,1,1,0,1,0,1,0,1,0,1,0
0,0,1,0,0,0,0,1,0,0,1,0,1,1,0,0
0,0,1,0,0,0,0,1,1,0,1,0,0,1,1,0
0,1,0,0,0,0,0,1,0,1,1,1,1,0,0,0
1,1,1,1,1,0,1,1,1,1,0,1,0,1,1,1
0,1,0,0,1,1,1,1,1,0,0,0,1,0,0,0
1,0,0,0,0,1,0,1,1,0,1,0,1,0,1,0
1,1,0,0,1,1,0,1,0,1,0,0,0,0,1,0
1,1,1,1,0,1,1,1,1,1,0,1,1,0,0,1
0,0,0,0,0,0,1,0,1,0,0,0,1,0,1,0
0,0,1,0,1,0,1,0,1,1,1,1,1,1,1,1
1,0,1,1,1,1,1,1,1,1,1,1,1,1,1,1
0,0,0,1,0,0,1,0,1,1,1,0,1,0,0,0
1,1,1,1,1,1,1,0,1,0,0,1,1,1,1,1
1,1,1,0,1,0,1,1,1,1,1,1,1,1,0,1
1,0,1,0,0,1,1,1,1,1,1,1,1,1,1,1
0,0,1,1,1,1,1,1,1,1,1,1,1,1,0,1
0,1,0,1,1,1,1,1,1,0,1,0,1,1,1,1
0,1,0,0,0,0,0,0,1,0,0,1,0,1,1,0
1,0,0,1,1,1,1,1,1,0,1,1,1,1,1,1
1,0,0,0,0,0,0,1,0,0,0,0,1,0,0,0
1,1,1,1,1,0,1,1,1,1,1,1,1,1,1,1
1,1,0,1,1,1,1,1,1,0,1,0,1,1,0,1
1,1,1,1,1,1,1,1,1,1,0,1,0,1,1,1
1,0,1,0,0,1,0,1,0,0,1,1,1,0,1,0
1,0,1,1,1,1,1,1,1,1,1,1,1,1,0,1
0,1,0,1,0,1,1,1,1,1,1,1,0,1,1,1
1,1,1,0,1,1,1,1,0,0,0,1,1,1,0,1
1,0,1,1,1,1,1,1,1,0,1,1,1,0,1,1
0,1,1,1,1,1,1,1,1,1,0,1,1,1,1,1
1,0,0,1,1,1,1,0,1,1,1,1,1,1,1,1
0,0,0,0,0,0,0,0,0,1,1,0,1,0,1,0
0,0,1,1,0,1,1,0,1,1,1,1,1,1,1,1
1,1,1,1,1,1,1,1,1,1,1,0,1,1,1,1
0,0,0,1,1,1,1,1,1,1,1,1,1,1,1,1
1,0,0,0,0,0,1,0,1,0,1,0,1,1,1,0
1,1,1,1,1,1,1,1,1,0,1,1,1,1,1,1
0,0,0,0,0,1,1,0,0,1,0,0,1,0,0,0
1,1,0,0,0,0,0,0,0,0,0,0,0,1,1,0
1,1,1,0,1,1,1,1,1,1,0,1,1,1,1,1
0,1,1,1,1,1,1,1,1,0,1,1,1,0,1,1
0,0,0,0,0,0,0,1,0,1,1,0,1,0,0,0
1,1,0,1,1,1,1,0,1,1,1,1,1,0,1,1
0,0,0,0,0,1,0,0,1,1,0,0,0,1,0,0
1,1,1,1,1,1,1,1,1,1,1,1,1,0,1,1
1,1,1,1,0,1,0,1,1,1,1,0,1,1,1,1
0,0,0,0,0,1,1,1,0,0,1,1,0,1,1,0
1,1,0,0,1,1,1,1,1,1,1,1,1,1,1,1
0,1,0,1,1,1,1,1,1,1,1,1,1,1,1,1
1,1,1,0,1,1,1,0,1,1,1,1,0,1,1,1
0,1,0,0,0,0,0,1,0,0,1,0,1,1,0,0
1,1,1,0,1,1,1,1,0,1,1,1,1,1,1,1
0,1,1,1,1,1,1,1,1,1,1,1,1,1,1,1
0,0,0,1,0,1,0,1,0,1,1,0,0,0,1,0
1,1,1,0,1,1,1,0,1,1,1,1,1,0,1,1
0,0,0,0,0,0,0,1,1,0,1,1,0,1,0,0
0,1,0,0,0,0,1,1,1,1,1,1,1,1,1,0
0,0,0,0,0,0,0,0,1,1,0,1,0,1,0,0
0,0,1,0,0,1,1,1,1,1,0,0,0,0,1,0
0,1,0,0,1,0,1,0,1,1,1,1,1,1,1,0
1,1,1,1,1,1,1,0,1,1,1,1,1,1,1,1
0,0,1,1,0,1,0,0,0,0,1,0,0,0,0,0
0,0,0,0,1,1,1,1,0,1,0,1,1,1,0,0
1,0,0,0,0,1,0,1,1,0,0,1,0,1,1,0
1,1,1,1,1,1,1,1,0,1,1,1,1,0,1,1
1,0,1,1,1,1,1,1,1,0,1,1,1,1,1,1
1,1,0,1,0,1,1,1,1,0,1,1,1,1,1,1
1,1,0,0,1,1,0,1,1,1,1,1,1,1,0,1
1,1,1,0,1,1,1,1,1,1,1,1,1,1,0,1
1,1,0,1,1,1,1,1,1,1,1,1,1,0,1,1
1,1,1,1,1,0,1,1,1,0,1,1,1,1,0,1
0,0,0,1,0,0,0,0,1,1,0,0,1,1,0,0
0,1,1,1,1,1,0,1,1,1,1,1,1,1,1,1
0,0,0,0,0,1,1,1,1,0,1,1,1,0,0,0
0,0,0,0,1,0,1,1,1,1,1,1,0,1,0,0
1,1,1,1,1,1,1,1,0,0,1,1,1,1,1,1
0,1,0,0,0,1,1,1,0,1,0,0,0,1,1,0
1,0,0,1,0,1,0,1,0,0,1,1,1,0,0,0
1,0,0,0,0,1,0,1,1,1,0,0,1,0,1,0
1,1,0,0,0,1,0,0,0,1,1,1,0,1,1,0
0,0,1,1,0,1,0,0,1,0,0,1,0,1,0,0
1,0,1,1,1,1,1,0,0,1,1,1,1,1,1,1
0,0,0,1,1,0,1,0,1,1,1,0,0,0,1,0
1,0,1,0,1,0,0,1,1,0,1,1,1,0,0,0
0,0,0,0,0,1,1,1,0,1,1,0,0,1,1,0
0,1,0,0,0,0,1,1,0,0,0,0,0,0,1,0
0,0,0,0,0,1,0,1,0,1,0,1,1,1,0,0
0,0,0,0,0,0,0,1,1,1,1,0,1,1,1,0
1,0,0,0,0,0,1,1,1,1,0,0,0,1,1,0
1,0,0,0,1,1,1,1,1,1,1,1,1,1,1,1
1,1,0,1,0,1,1,1,1,1,1,1,1,1,1,1
0,1,0,0,0,1,0,0,0,0,0,1,0,1,1,0
1,0,1,1,1,1,0,1,1,0,1,1,1,1,0,1
0,1,0,1,1,0,0,1,0,1,0,1,0,1,0,0
0,1,1,0,0,0,0,0,0,1,0,1,1,0,0,0
0,0,0,1,0,0,0,1,1,1,1,1,0,1,1,0
1,1,1,1,1,1,1,1,1,1,0,1,1,0,1,1
1,1,1,0,1,1,1,1,1,1,1,1,1,0,1,1
1,1,1,1,1,1,0,1,1,1,0,1,1,1,1,1
0,0,0,0,0,0,0,0,0,0,0,0,0,0,1,0
0,0,0,0,0,0,1,0,0,0,1,0,0,0,1,0
1,0,1,0,1,1,1,1,1,1,1,1,1,1,1,1
1,1,1,1,1,1,1,1,1,0,1,1,1,0,1,1
0,1,0,0,0,1,1,1,1,1,0,0,0,1,1,0
1,0,1,0,1,1,1,1,0,1,0,1,0,1,1,1
0,0,1,0,0,0,0,1,1,0,1,0,0,0,1,0
0,0,0,0,0,1,1,0,0,1,1,0,1,0,1,0
1,1,0,1,1,1,1,1,1,1,0,1,1,1,1,1
1,1,1,1,0,1,1,1,1,0,1,1,1,1,1,1
1,1,1,1,0,1,1,1,0,1,1,1,1,0,0,1
0,0,0,0,0,0,1,0,0,0,0,0,1,1,1,0
1,1,0,1,1,0,1,1,1,1,1,1,1,1,1,1
0,1,1,1,1,0,1,1,1,0,1,1,1,0,1,1
0,1,0,1,0,0,1,0,1,1,1,0,0,0,0,0
0,0,1,0,0,1,0,0,1,0,0,0,1,0,1,0
0,0,0,0,1,0,0,0,1,1,1,1,1,0,0,0
0,0,0,1,1,0,0,1,1,1,1,0,0,1,0,0
1,1,1,1,0,1,1,1,1,1,1,1,1,1,0,1
0,0,0,0,0,1,0,1,1,1,1,1,0,0,0,0
0,0,1,0,0,0,0,1,0,1,0,1,1,0,0,0
1,1,1,1,0,1,1,1,1,0,1,0,1,1,1,1
1,0,0,0,0,1,1,1,1,1,1,1,1,1,1,1
1,0,0,0,0,0,1,0,0,1,0,0,0,1,1,0
0,0,0,0,0,1,1,1,0,1,1,0,1,1,0,0
0,0,0,0,0,1,1,1,1,1,0,1,0,1,0,0
1,1,1,1,0,1,1,1,1,1,0,1,1,1,0,1
1,0,1,1,1,1,1,0,1,1,1,1,0,1,1,1
1,1,0,1,1,1,1,1,1,1,1,1,1,1,0,1
1,0,0,1,0,1,0,0,0,1,1,0,1,1,0,0
0,0,0,1,0,0,1,1,0,1,1,0,0,0,1,0
0,0,0,1,0,1,0,0,1,1,0,1,1,1,1,0
0,1,1,0,1,0,1,1,1,0,1,1,1,1,1,1
1,1,1,1,0,1,0,1,1,1,1,1,1,1,1,1
0,0,0,0,0,1,1,0,0,1,0,0,1,1,1,0
1,1,1,1,1,1,1,1,1,1,1,1,1,0,0,1
0,1,1,0,0,1,1,1,1,1,1,1,1,1,1,1
0,0,0,0,0,0,0,0,1,0,0,0,1,0,0,0
1,0,1,0,1,1,1,1,1,1,1,0,1,1,1,1
1,1,1,1,1,1,0,1,1,1,1,1,1,1,1,1
0,1,1,0,1,1,1,1,1,1,1,1,1,1,1,1
0,0,1,1,0,0,0,0,1,0,0,0,0,1,1,0
0,0,0,0,1,1,1,0,0,1,0,0,1,1,0,0
1,1,1,1,1,1,1,1,1,1,0,1,0,0,1,1
1,1,1,0,1,1,1,0,1,1,1,1,1,1,1,1
0,0,1,1,1,1,1,1,1,1,1,1,1,1,1,1
0,0,0,1,0,1,0,0,0,1,1,1,1,0,1,0
1,0,0,0,0,1,0,1,0,1,0,1,1,1,0,0
0,0,0,1,0,0,0,1,1,1,1,0,0,0,0,0
0,0,0,0,0,1,0,0,1,0,1,0,0,1,1,0
1,1,0,1,0,1,0,1,0,0,1,1,1,1,0,1
0,0,1,1,1,1,0,1,1,1,1,1,1,1,0,1
1,1,1,1,1,1,1,1,0,1,1,0,1,1,0,1
1,1,1,0,1,1,0,1,1,1,1,1,1,0,1,1
0,0,1,1,1,1,0,0,1,1,0,1,1,0,1,0
1,1,1,1,1,1,0,1,1,1,1,0,1,1,1,1
0,0,0,0,0,1,1,0,0,0,0,0,1,0,1,0
0,0,1,1,1,0,1,1,0,1,1,1,1,1,0,1
0,1,0,0,0,0,1,0,0,0,1,0,1,1,1,0
1,1,1,1,1,1,1,1,1,1,1,1,1,1,0,1
1,1,0,1,1,1,1,0,0,1,1,0,1,1,1,1
1,1,0,0,0,0,1,0,0,0,1,1,0,1,1,0
0,0,0,0,0,1,0,0,0,1,0,0,1,0,1,0
0,0,0,0,0,1,1,0,1,0,0,1,1,1,1,0
1,0,1,1,1,1,1,1,0,1,1,1,1,1,0,1
0,0,1,0,0,1,1,0,0,1,0,0,0,0,0,0
0,0,0,0,1,0,0,0,1,1,1,0,1,1,0,0
1,1,1,0,0,1,1,1,1,1,0,0,1,1,0,1
1,0,1,1,1,0,1,1,1,1,1,1,1,1,1,1
0,1,1,1,1,0,1,1,1,0,1,1,1,1,1,1
1,1,1,1,0,0,1,1,1,1,0,1,1,0,1,1
1,1,0,0,0,1,0,0,1,1,0,1,1,0,1,0
0,0,0,0,0,1,0,0,0,0,0,0,0,1,0,0
0,0,0,1,0,1,0,1,0,0,0,1,0,1,1,0
0,0,0,0,0,0,0,1,1,1,1,0,0,0,0,0
0,1,1,1,1,1,1,1,1,1,1,1,1,1,0,1
0,0,1,0,0,0,0,0,1,1,0,1,0,0,0,0
0,0,1,1,1,1,1,1,1,1,1,1,0,1,1,1
0,1,0,1,0,0,0,0,0,0,0,1,0,1,0,0
0,1,0,1,0,1,0,1,0,0,1,1,1,0,0,0
0,0,1,0,1,1,0,1,1,1,1,1,1,1,1,1
1,1,1,0,1,1,1,1,1,0,1,1,1,1,1,1
1,0,1,1,0,1,1,1,1,1,1,1,1,1,1,1
0,1,0,1,0,1,1,1,1,0,0,1,1,1,1,0
1,1,0,1,1,0,1,1,1,1,1,0,1,1,1,1
1,1,0,0,0,1,1,1,1,0,0,1,1,1,1,0
1,0,1,1,1,1,0,1,1,1,1,1,1,1,1,1
0,0,0,0,0,1,0,0,0,0,1,0,1,0,0,0
0,1,1,1,1,0,1,0,1,1,1,0,1,1,1,1
1,1,1,1,1,0,1,1,0,1,1,1,1,1,1,1
0,0,0,0,0,1,1,0,1,1,1,0,1,0,1,0
0,1,0,0,0,1,0,0,1,1,1,1,1,0,0,0
0,1,1,0,1,1,1,1,0,1,1,1,0,1,0,1
1,1,1,0,1,1,1,1,0,1,1,1,0,1,0,1
0,1,1,1,1,1,1,1,1,1,1,1,1,0,1,1
1,1,1,1,1,0,1,0,1,1,1,1,1,1,1,1
0,0,1,1,0,0,1,0,0,0,0,0,0,0,0,0
0,0,0,0,0,1,0,1,0,0,1,1,1,0,1,0
1,1,1,1,1,0,0,1,1,1,1,1,1,1,1,1
0,1,1,1,1,1,1,1,0,1,0,1,1,0,1,1
1,1,0,1,0,0,1,1,1,1,0,1,1,1,1,1
1,0,0,0,0,0,1,1,1,1,0,0,0,1,0,0
0,0,0,0,0,0,1,0,1,1,0,0,1,1,0,0
0,1,0,0,0,0,0,0,1,1,0,0,0,0,0,0
1,1,0,1,1,1,1,1,1,1,1,0,1,1,1,1
1,0,1,0,1,1,0,1,1,1,1,0,1,1,1,1
0,0,0,0,0,1,0,0,0,0,1,1,0,0,1,0
1,1,1,1,0,1,1,1,0,1,1,1,1,0,1,1
1,0,0,1,1,1,1,1,0,1,1,1,0,1,1,1
0,1,1,1,0,1,1,1,1,1,1,1,1,1,1,1
0,0,0,0,0,1,0,1,1,0,0,1,1,1,1,0
0,0,1,0,1,1,1,0,0,1,0,0,1,0,0,0
0,0,0,0,0,0,0,0,1,1,1,0,1,0,1,0
1,1,1,1,1,1,0,0,1,1,1,1,1,1,1,1
0,0,1,1,0,1,1,0,1,1,1,0,1,1,0,1
1,1,0,0,0,1,1,1,1,1,1,1,1,1,1,1
1,0,0,0,0,0,0,1,1,0,1,0,1,0,1,0
0,0,1,1,0,0,1,0,0,1,0,0,1,0,0,0
0,1,0,0,0,0,0,0,1,0,0,0,0,0,1,0
1,1,1,1,1,0,1,1,1,1,1,1,1,0,1,1
1,0,0,0,1,0,1,1,1,1,1,1,1,1,1,1
0,0,0,0,0,1,1,0,0,0,1,0,1,0,1,0
0,1,0,1,1,1,1,1,1,1,1,1,0,1,1,1
0,1,1,1,1,1,1,1,0,1,1,1,1,1,1,1
1,1,0,1,1,1,0,1,1,0,1,1,1,1,1,1
0,0,1,1,1,1,0,1,0,0,1,0,1,0,0,0
0,0,0,0,0,1,0,1,1,0,0,0,0,0,0,0
1,0,1,0,1,1,1,1,1,0,1,1,1,1,1,1
1,0,0,1,0,1,1,1,0,0,1,1,1,1,0,0
1,1,1,1,1,1,1,1,0,1,1,1,1,1,0,1
0,1,1,0,0,0,0,1,1,0,0,1,0,1,0,0
1,1,1,0,1,0,0,1,1,0,1,0,1,0,1,1
0,1,0,0,0,0,0,1,1,0,1,0,1,0,1,0
1,0,1,0,1,1,0,1,0,0,1,1,1,1,1,0
0,1,0,0,1,1,1,1,1,1,1,1,1,1,1,1
1,0,1,1,0,1,0,1,1,0,1,1,1,1,1,1
1,1,1,1,1,1,1,1,1,0,1,1,1,1,0,1
1,1,1,1,0,0,0,1,0,1,1,1,1,1,1,1
1,1,1,1,1,1,0,1,1,1,1,1,1,0,1,1
0,0,0,0,0,0,0,0,0,1,0,1,0,0,0,0
0,0,1,0,0,1,1,0,0,1,0,1,1,1,1,0
1,0,0,0,0,0,0,0,0,1,1,0,0,0,0,0
1,1,0,1,1,1,0,1,1,1,1,1,1,1,1,1
0,1,0,0,0,1,1,1,0,0,0,0,1,1,1,0
1,0,1,1,1,1,1,1,0,1,1,1,1,1,1,1
0,0,1,1,0,1,1,1,1,1,1,1,1,1,1,1
0,0,0,0,0,1,1,1,0,0,0,1,0,1,1,0
0,0,1,0,1,1,0,1,0,0,1,0,1,1,0,0
0,0,0,0,0,0,1,1,0,0,1,0,0,0,0,0
0,0,0,0,1,1,1,0,1,1,1,0,1,1,1,0
0,0,1,0,1,1,1,1,0,0,1,0,0,0,0,0
1,1,1,0,0,1,0,1,1,1,1,1,1,1,1,1
1,1,1,0,1,1,1,0,1,0,1,1,1,1,1,1
0,0,1,0,0,1,1,1,1,1,1,1,0,1,0,0
0,0,0,1,0,1,0,1,1,0,0,1,0,0,1,0
0,0,1,1,1,1,1,1,1,0,1,1,1,1,1,1
0,0,1,1,0,0,0,1,1,0,1,0,1,0,0,0
0,0,0,0,0,1,0,1,0,1,0,1,0,0,0,0
0,1,0,0,0,1,0,0,1,0,1,0,1,1,1,0
0,0,1,0,1,1,1,1,1,1,1,0,1,1,1,1
1,0,1,1,1,1,1,1,0,1,1,0,1,1,1,1
0,1,1,0,1,1,0,1,1,1,0,1,1,1,1,1
0,0,1,0,0,0,0,1,1,1,0,0,1,1,1,0
0,0,0,0,0,1,1,1,1,1,1,0,1,1,1,0
0,0,0,0,0,0,0,0,1,1,0,0,0,1,0,0
1,1,0,1,1,1,1,1,1,1,1,0,1,0,1,1
0,0,0,0,0,0,0,1,1,1,1,1,1,0,0,0
1,1,0,1,1,1,1,0,1,1,1,0,1,1,1,1
0,0,0,0,0,0,1,0,1,1,1,0,0,0,0,0
1,1,0,0,1,1,1,0,0,0,0,1,1,0,1,0
0,0,0,0,1,1,1,1,1,1,1,0,1,0,0,0
0,0,0,0,0,1,1,0,1,1,0,1,1,0,1,0
0,0,1,0,0,0,1,0,0,1,0,1,0,1,0,0
0,0,0,0,0,0,1,0,1,0,1,0,0,1,0,0
0,0,1,0,0,0,1,1,1,1,1,0,0,0,0,0
1,1,0,0,0,1,1,1,1,1,1,0,1,1,1,1
0,1,1,1,1,0,0,1,1,1,1,1,1,0,1,1
0,0,0,0,0,0,1,1,0,1,1,1,0,0,0,0
0,0,1,0,0,0,1,1,0,1,1,0,0,0,0,0
0,0,1,0,1,1,1,0,1,1,1,1,1,1,1,1
1,1,0,1,1,1,0,1,0,1,1,1,1,1,1,1
1,1,0,1,1,1,0,1,1,0,1,0,0,1,1,1
0,0,1,1,1,1,1,1,1,1,1,1,0,0,1,1
1,1,1,0,1,1,1,1,1,0,1,1,1,1,0,1
1,1,0,0,1,1,1,1,1,1,1,1,1,0,1,1
0,0,0,0,0,0,0,0,0,1,1,1,0,1,0,0
0,0,0,0,0,0,1,0,0,0,1,1,1,0,0,0
0,0,0,0,0,1,0,1,0,0,0,0,0,1,1,0
0,0,0,1,0,0,1,1,1,1,0,1,0,1,0,0
0,0,0,0,0,0,1,0,1,1,1,1,1,1,1,0
0,0,0,0,0,0,1,1,0,1,0,0,0,0,1,0
0,0,0,0,1,0,0,0,0,0,1,0,1,1,0,0
1,0,0,1,1,0,0,1,0,0,1,0,1,0,1,0
0,1,0,1,0,1,1,1,1,1,1,1,1,1,1,1
0,0,0,0,1,0,0,1,1,1,0,1,0,1,1,0
0,0,1,1,1,1,1,1,0,1,1,1,1,1,1,1
0,1,0,0,0,0,1,0,0,1,0,1,0,1,0,0
0,0,0,0,0,1,0,1,0,0,1,0,1,0,1,0
0,0,0,0,1,1,0,1,1,1,1,1,0,0,0,0
1,0,0,0,0,0,1,0,0,1,1,1,0,0,0,0
0,1,0,0,0,0,0,0,0,1,1,0,0,0,0,0
1,1,1,1,1,1,1,1,0,0,1,1,0,1,1,1
0,0,0,0,0,0,0,0,0,1,1,1,1,1,0,0
0,0,0,0,0,0,1,1,1,0,0,1,0,0,0,0
0,1,1,0,1,1,1,0,1,1,1,1,0,1,0,0
0,0,0,0,0,1,1,1,1,0,0,0,1,0,1,0
1,1,0,1,0,0,1,1,1,1,1,1,1,1,0,1
1,1,1,1,0,1,0,1,0,1,1,1,1,1,1,1
0,0,0,0,0,1,1,1,1,0,0,1,1,1,1,0
0,0,0,0,0,1,0,1,1,0,0,0,0,0,1,0
0,0,0,0,0,1,1,0,0,0,0,0,1,1,0,0
0,1,0,0,0,0,1,1,1,0,0,0,1,0,0,0
0,0,0,0,0,1,1,0,1,0,0,0,0,1,1,0
1,1,0,1,1,1,1,1,1,0,0,1,1,1,1,1
1,0,0,1,1,1,0,1,1,1,0,1,0,0,1,0
1,1,1,1,1,1,1,1,1,1,1,1,0,0,1,1
1,0,0,0,0,1,1,1,1,0,1,1,1,1,1,0
0,1,1,1,1,1,1,1,1,1,1,0,1,1,0,1
0,0,0,1,0,0,1,1,1,0,0,0,1,1,1,0
1,0,1,1,1,1,0,0,1,1,1,1,1,1,1,1
0,1,1,0,1,0,0,1,0,1,1,1,1,0,1,0
0,0,0,1,1,1,1,1,1,1,1,1,0,1,1,1
1,1,1,1,0,0,1,1,1,1,1,1,1,1,0,1
0,1,1,0,1,1,1,1,1,1,0,1,1,1,1,1
0,1,0,1,1,1,1,0,1,1,1,1,1,1,0,1
0,0,0,0,0,1,0,0,1,0,1,1,0,0,0,0
0,0,0,0,0,0,1,1,0,0,1,0,1,1,1,0
0,1,0,1,1,1,0,1,1,1,0,0,1,1,1,1
0,1,1,0,1,1,1,1,1,1,1,1,1,0,1,1
0,0,0,1,0,1,0,1,0,0,0,0,1,0,0,0
1,1,0,1,1,0,0,1,1,1,1,0,0,1,1,1
1,1,0,1,1,1,1,1,1,1,1,0,0,1,1,1
1,1,1,1,0,0,1,1,1,1,1,0,1,1,1,1
1,0,0,0,0,0,1,0,0,1,0,0,1,1,1,0
0,0,0,0,1,1,1,1,1,1,1,1,1,1,1,1
0,0,1,0,0,1,0,1,1,1,1,1,0,0,0,0
1,1,0,1,0,0,1,1,0,1,1,1,1,0,0,1
0,0,1,1,0,0,1,1,1,0,1,0,0,0,1,0
0,0,0,0,1,1,1,1,0,1,1,0,1,0,1,0
0,1,0,1,1,0,0,1,0,0,0,1,1,1,1,0
1,0,0,1,1,1,1,1,0,1,1,1,1,1,1,1
0,0,1,0,0,1,1,0,0,0,1,1,0,1,0,0
1,1,1,1,1,1,1,0,1,1,1,0,1,1,1,1
0,0,0,0,1,0,0,0,0,1,0,1,1,1,0,0
1,0,1,0,0,1,1,0,0,1,0,0,0,1,0,0
1,1,1,1,1,0,1,1,1,1,1,1,0,1,1,1
1,1,0,1,0,1,1,0,1,1,1,1,1,1,1,1
0,0,0,0,0,0,1,0,1,0,0,0,1,1,0,0
0,0,0,0,1,1,1,1,0,1,1,1,0,0,0,0
0,1,0,0,1,0,1,1,0,0,0,1,0,1,0,0
1,0,0,0,0,1,1,0,1,1,0,0,1,1,0,0
1,1,0,0,1,0,1,1,1,1,0,1,1,1,1,1
1,1,1,0,0,0,0,1,1,0,1,0,1,1,1,0
0,0,0,0,0,1,0,0,0,1,1,0,1,1,1,0
1,1,1,0,1,1,1,1,0,1,1,0,1,1,1,1
1,1,1,1,1,1,1,1,0,1,1,1,0,1,1,1
1,0,1,1,1,1,1,1,1,1,0,0,1,1,1,1
1,1,1,0,0,1,1,1,1,1,1,1,1,1,0,1
1,1,1,1,0,1,1,0,0,1,1,1,1,1,1,1
0,0,0,0,0,0,1,0,1,1,0,0,1,0,0,0
0,0,0,0,1,0,1,0,1,0,0,1,1,1,1,0
1,1,0,1,1,1,1,1,1,0,1,1,1,1,1,1
1,0,1,1,1,1,1,1,1,1,0,1,1,1,0,1
1,1,1,1,1,1,1,1,1,0,1,1,0,1,0,1
0,1,1,1,1,1,1,0,1,1,1,1,1,1,1,1
1,0,0,0,0,0,0,0,0,1,0,0,0,0,1,0
0,1,0,0,0,0,1,1,0,0,1,1,1,1,1,0
0,0,0,0,1,1,0,0,1,0,0,1,0,1,0,0
0,0,0,1,0,1,1,0,0,1,1,0,1,1,1,0
0,0,1,1,0,0,1,0,1,1,0,1,0,1,0,0
0,0,0,1,0,0,0,1,1,0,1,0,0,0,0,0
1,1,1,0,0,1,1,0,0,0,1,0,0,0,0,0
1,1,0,0,1,1,1,1,1,1,0,0,1,1,1,1
1,1,1,0,1,0,1,1,1,1,1,1,1,1,1,1
0,1,0,0,0,1,0,0,1,1,0,1,1,1,0,0
1,1,1,1,1,1,1,1,1,0,1,0,1,1,1,1
1,0,0,0,0,0,0,0,1,0,1,1,1,0,1,0
0,0,0,0,0,0,0,1,0,1,1,0,0,1,0,0
0,0,0,0,1,0,1,1,1,1,1,1,1,0,1,0
0,1,0,1,1,1,0,0,1,1,0,1,1,1,1,1
0,0,1,1,0,1,0,0,1,1,0,0,0,0,1,0
0,0,1,1,1,1,1,1,1,1,1,0,1,1,1,1
0,0,1,1,1,0,1,1,1,0,1,1,1,1,1,1
0,0,1,0,0,1,1,0,1,1,0,0,0,0,0,0
1,1,0,1,1,1,1,1,0,1,1,1,1,1,1,1
0,0,0,0,0,0,1,1,0,0,1,1,1,0,0,0
1,1,1,1,1,1,1,1,1,1,1,0,1,0,1,1
0,1,0,0,0,0,0,0,1,0,1,1,0,0,1,0
1,0,0,0,0,0,0,1,1,0,1,0,0,0,0,0
1,1,0,0,1,1,1,1,1,1,1,1,0,1,1,1
1,0,1,0,1,1,0,1,1,1,0,1,0,0,0,0
1,0,0,0,1,1,1,1,1,1,1,0,1,1,1,1
0,0,1,0,0,1,1,1,0,0,0,0,1,1,1,0
1,1,1,1,1,1,1,1,1,0,0,0,1,1,1,1
0,1,0,0,0,0,1,1,1,0,0,1,1,0,0,0
0,0,1,0,0,1,0,1,1,1,1,1,1,1,0,0
0,0,0,0,0,1,0,1,0,1,1,0,0,1,0,0
0,1,0,0,0,1,0,1,0,0,0,0,0,0,0,0
0,0,0,1,0,1,0,0,1,0,1,0,0,1,0,0
1,0,0,0,0,1,0,1,0,1,0,1,0,0,0,0
0,1,0,0,0,1,1,1,1,1,1,1,1,1,1,1
1,0,1,1,1,1,0,1,1,1,1,0,1,1,1,1
1,0,0,1,0,1,1,1,1,0,1,1,1,0,1,1
1,0,0,1,1,1,1,1,1,1,1,1,1,0,1,1
0,0,0,0,0,1,0,0,1,0,1,1,1,1,0,0
1,1,1,1,1,1,0,0,1,0,1,1,1,1,1,1
0,0,0,0,0,0,1,0,0,1,1,1,0,1,0,0
0,0,1,0,0,0,1,0,1,1,0,1,0,1,1,0
0,0,0,0,0,1,0,0,1,0,1,0,1,1,1,0
0,0,1,0,0,0,1,0,1,0,1,1,1,1,0,0
1,0,1,1,1,0,1,1,0,1,1,1,1,1,1,1
0,0,1,1,0,1,0,0,1,1,0,0,1,0,1,0
0,0,0,1,0,1,0,0,0,1,1,1,0,0,0,0
1,1,1,0,1,1,1,1,1,1,1,0,1,1,1,1
1,0,1,0,0,1,0,0,0,1,0,0,1,1,1,0
0,0,0,1,0,0,0,1,1,1,0,1,0,1,1,0
0,0,0,0,0,1,1,1,1,0,0,1,0,0,0,0
0,1,0,0,0,0,1,1,1,1,1,0,0,1,1,0
1,1,0,1,1,1,1,0,1,1,1,1,1,1,1,1
0,0,1,1,1,1,1,1,0,1,1,1,0,1,1,1
0,1,1,1,1,1,1,1,1,0,1,1,1,1,0,1
0,1,1,0,0,0,0,1,1,1,0,0,1,1,1,0
1,0,1,1,1,1,1,1,1,1,0,1,1,1,1,1
1,1,1,0,1,1,1,1,1,0,1,1,0,1,1,1
0,0,0,0,0,0,1,1,0,1,1,1,1,1,0,0
0,1,1,0,1,1,0,1,1,1,1,1,1,1,1,1
1,1,1,1,1,1,1,1,0,1,1,1,0,1,0,1
0,0,0,0,0,1,0,1,1,1,1,0,1,0,1,0
0,0,0,1,0,0,1,0,0,0,0,0,1,0,0,0
1,0,1,0,0,1,0,0,1,0,0,0,0,0,0,0
1,1,1,0,0,1,1,1,1,0,1,1,0,1,1,1
0,0,1,0,1,1,1,1,1,0,1,1,1,1,1,1
1,1,1,1,1,1,1,0,1,1,0,1,1,0,1,1
1,1,1,1,1,0,1,1,1,1,0,1,1,1,1,1
1,0,1,1,1,1,1,1,1,1,1,0,1,1,1,1
1,1,1,1,0,1,0,1,1,1,1,1,1,0,1,1
0,1,0,1,1,0,1,1,1,1,1,0,1,1,0,1
1,1,1,1,1,1,0,1,0,1,1,1,1,1,0,1
0,0,1,0,1,0,1,1,0,1,0,1,0,1,1,0
1,1,0,1,1,0,1,1,1,1,1,1,0,1,1,1
1,1,0,1,1,1,1,1,1,1,1,1,0,1,1,1
0,0,1,0,0,1,0,0,0,1,0,1,1,0,0,0
1,1,1,1,1,1,1,1,1,1,0,1,1,1,0,1
1,0,0,0,0,0,0,1,0,0,0,0,1,0,1,0
0,1,1,1,1,1,1,1,1,0,1,1,1,1,1,1
0,0,0,0,0,0,1,1,1,1,1,1,1,0,0,0
1,0,1,1,1,1,1,1,0,0,1,1,1,0,1,1
0,1,0,1,1,0,1,1,1,1,1,1,1,1,1,1
0,0,0,0,0,1,1,0,0,1,0,1,0,1,0,0
1,0,0,0,0,1,0,0,1,0,0,0,0,1,1,0
0,0,1,0,0,0,0,0,0,0,1,1,0,0,1,0
0,1,0,1,0,1,1,1,1,1,1,1,1,0,1,1
0,1,1,1,0,1,1,1,1,1,1,1,0,1,1,1
0,0,0,0,0,0,0,0,0,0,0,0,1,0,1,0
0,0,0,0,1,1,1,0,0,1,1,1,1,1,0,0
0,1,0,1,1,1,1,0,1,1,1,1,1,1,1,1
0,1,1,1,1,1,1,1,1,0,1,0,1,1,0,1
1,1,0,1,1,1,1,0,0,1,1,1,1,1,1,1
1,1,0,1,1,1,1,0,1,1,1,1,0,1,1,1
0,0,0,1,0,0,1,1,1,0,0,1,0,0,1,0
1,1,1,1,0,1,1,1,1,1,1,1,0,1,1,1
0,0,0,0,0,0,1,1,1,0,0,0,0,0,1,0
0,1,0,1,0,1,1,1,1,0,1,1,1,1,1,1
1,1,0,1,1,0,1,1,1,1,1,1,1,1,0,1
1,0,0,0,0,1,1,0,0,0,0,1,0,1,1,0
0,0,0,1,1,1,1,0,1,1,0,1,1,0,1,1
1,1,1,0,1,1,1,1,0,1,1,1,1,0,1,1
0,1,0,1,0,0,1,0,0,1,0,0,1,0,0,0
0,1,1,0,1,0,1,1,1,1,1,1,0,1,0,0
0,0,0,0,1,1,1,1,0,1,0,0,0,1,0,0
0,1,1,0,0,1,1,1,1,1,0,1,1,1,1,1
0,1,0,1,0,1,1,1,1,1,1,1,1,1,0,1
1,0,0,1,1,1,1,1,1,1,0,1,1,1,1,1
0,0,1,0,1,1,1,0,0,1,1,1,1,1,1,0
1,0,1,0,0,0,1,1,1,1,1,0,0,0,1,0
1,0,0,1,1,0,1,0,1,0,1,1,1,0,0,0
1,0,0,0,0,1,0,0,1,0,1,1,0,0,1,0
1,0,0,0,1,1,1,0,1,1,1,1,1,1,1,1
0,1,0,1,0,1,1,1,1,1,0,1,1,1,1,0
1,0,1,1,1,1,1,1,1,1,1,1,1,0,1,1
1,1,0,1,1,1,1,0,1,0,1,1,1,1,1,1
1,1,1,0,1,1,0,1,1,0,1,1,0,1,0,1
1,1,1,1,1,0,1,1,1,1,1,1,1,1,0,1
0,0,0,0,0,1,0,1,0,1,1,1,1,0,0,0
0,0,0,0,1,0,1,0,1,1,0,0,1,0,0,0
0,0,0,0,0,1,0,0,1,0,0,0,0,0,0,0
1,1,1,1,1,0,1,0,1,1,1,1,1,0,1,1
0,1,0,0,0,1,0,0,0,1,1,1,1,0,0,0
1,1,1,1,1,1,0,1,0,1,1,1,1,1,1,1
1,0,0,0,0,1,0,1,1,0,1,1,1,1,0,0
0,0,0,0,0,1,1,0,0,0,0,1,0,1,0,0
0,1,1,1,1,0,1,0,1,1,1,1,1,1,1,1
1,1,1,0,0,1,1,0,1,1,1,1,1,1,0,1
0,0,0,0,0,0,1,0,0,1,1,0,1,1,0,0
0,0,1,0,0,1,1,1,0,0,0,1,1,0,1,0
1,1,0,1,1,0,1,1,1,1,1,1,0,0,1,1
0,1,1,0,0,0,1,0,1,0,0,1,0,1,0,0
0,0,1,0,0,1,1,0,1,0,0,0,0,1,1,0
0,0,0,0,0,1,1,1,0,0,1,1,1,0,0,0
0,1,1,1,0,1,1,1,1,1,1,1,0,0,1,1
1,0,1,0,1,0,1,1,0,1,1,1,1,1,1,1
0,0,1,0,0,1,0,0,1,1,0,1,1,0,1,0
1,0,0,0,0,1,1,1,1,1,0,1,1,0,1,0
1,1,0,0,0,1,0,1,1,0,1,1,0,1,1,0
1,1,1,1,0,1,0,1,1,1,0,1,1,1,1,1
1,1,1,1,1,1,1,1,1,1,1,0,0,1,1,1
0,0,0,0,0,0,0,1,0,0,0,0,0,0,0,0
0,1,0,1,1,1,1,1,1,1,1,1,0,0,0,0
1,1,1,1,1,1,1,0,0,1,1,1,1,1,1,1
0,1,0,0,0,1,0,1,1,1,0,1,0,1,1,0
1,1,1,1,1,1,0,1,1,1,1,1,1,0,0,1
1,0,0,0,1,0,0,0,0,0,0,0,1,0,0,0
1,1,1,1,0,0,1,1,1,1,1,0,1,1,0,1
0,1,1,0,1,1,1,1,0,1,1,1,1,1,1,1
0,0,0,1,1,0,0,0,0,1,1,0,1,0,0,0
1,1,1,0,0,0,1,1,1,1,1,1,1,1,1,1
0,1,0,1,0,0,1,1,1,1,0,1,0,0,1,0
0,0,0,0,1,1,0,1,0,0,1,0,1,1,1,0
1,0,1,1,1,1,0,1,0,0,1,1,1,1,1,1
0,1,0,0,0,1,0,0,0,1,1,1,0,0,0,0
0,0,0,0,0,1,1,1,1,1,0,1,1,1,0,0
0,0,0,0,0,0,0,0,1,0,0,0,1,0,1,0
1,1,1,1,0,1,1,0,1,1,1,1,1,1,1,1
0,0,0,0,0,0,1,0,0,1,0,0,0,1,0,0
0,1,1,1,1,1,1,1,1,1,1,0,1,1,1,1
1,0,1,1,1,1,0,1,0,1,1,1,1,0,1,1
0,0,0,1,0,0,0,0,0,1,0,0,1,1,0,0
0,0,0,0,1,0,1,0,0,1,0,0,1,0,1,0
0,0,0,0,1,1,0,1,1,0,1,1,1,1,1,0
0,0,1,0,1,0,0,0,0,1,1,0,1,0,0,0
0,0,0,1,0,1,1,1,0,0,1,1,0,0,0,0
1,0,0,1,0,1,1,1,1,1,1,1,1,1,1,1
1,1,0,0,1,1,1,1,1,0,1,0,1,1,1,1
0,1,1,1,0,0,1,1,1,1,1,1,1,1,1,1
1,0,0,0,0,0,0,0,1,0,1,1,0,1,0,0
0,1,1,1,1,1,0,1,0,1,1,1,1,1,1,1
0,1,0,0,0,1,0,1,0,0,1,1,1,1,0,0
0,1,1,0,0,1,1,1,1,1,1,1,0,1,1,1
0,0,1,1,1,1,1,1,1,1,1,0,0,1,1,1
1,0,1,0,1,1,1,1,1,1,0,1,0,1,1,1
0,0,0,0,0,1,0,0,0,0,0,0,0,1,1,0
1,0,1,1,1,1,1,1,1,1,0,1,1,0,1,1
0,0,1,1,1,0,1,1,1,1,1,1,1,1,1,1
0,1,1,0,1,0,1,1,1,0,0,0,1,1,0,0
0,1,1,0,1,1,1,1,1,1,1,1,0,1,1,1
1,0,1,1,1,1,1,0,1,1,0,1,0,1,1,0
0,0,0,0,0,0,0,1,0,1,0,0,0,1,1,0
0,1,0,0,0,0,0,0,1,1,0,1,0,1,0,0
0,0,0,0,1,0,0,0,1,1,1,0,0,1,1,0
0,1,1,0,1,1,1,1,1,0,1,1,1,1,0,1
0,1,0,0,0,1,0,1,0,0,1,0,1,1,0,0
0,0,0,0,0,0,1,1,0,1,1,0,0,0,1,0
1,1,0,1,0,1,0,1,1,1,1,1,1,1,1,1
0,0,0,0,0,1,1,0,0,1,0,1,1,0,1,0
1,0,1,0,1,1,1,0,1,1,1,1,1,0,1,1
1,1,1,1,0,0,1,1,1,1,0,1,1,1,1,1
1,0,0,1,0,1,1,1,1,1,0,1,1,1,1,0
0,0,0,0,0,1,0,0,1,0,1,0,0,0,0,0
0,0,1,0,0,1,0,1,0,1,0,1,1,0,0,0
0,0,0,0,0,0,0,0,1,0,1,0,0,1,1,0
0,0,0,0,1,0,0,1,0,1,1,0,0,0,0,0
1,1,1,1,0,1,1,1,0,1,0,1,1,0,1,1
0,0,0,0,0,0,0,1,1,1,1,0,1,0,0,0
0,1,1,0,0,1,0,0,0,1,1,1,0,1,1,0
1,1,1,1,0,1,1,1,1,1,0,1,1,1,1,1
0,0,0,0,0,0,0,1,1,1,1,1,1,1,1,0
0,0,1,1,0,1,1,1,1,0,0,1,0,0,1,0
0,0,0,0,0,1,1,0,1,1,1,1,1,0,1,0
1,1,1,1,1,1,0,1,1,1,1,1,1,1,0,1
0,1,0,1,0,1,1,1,1,1,0,1,1,1,0,1
0,1,1,1,0,1,1,1,1,1,1,0,1,1,1,1
0,0,0,0,0,1,0,0,0,1,1,0,0,0,1,0
0,0,1,0,0,0,0,0,1,1,1,1,0,0,0,0
0,0,0,0,0,0,0,0,0,1,1,0,1,0,0,0
0,0,1,0,0,0,0,1,0,0,0,1,0,1,0,0
1,1,1,0,0,0,1,1,0,1,1,1,1,1,1,1
0,1,1,0,0,0,1,1,0,0,0,1,1,0,1,0
0,1,0,0,0,0,1,1,1,1,1,1,0,1,1,1
1,0,1,1,1,1,0,1,1,0,1,1,1,0,1,1
1,0,1,0,1,1,1,0,0,0,1,1,1,0,1,0
0,1,1,1,0,0,1,1,0,1,1,1,1,1,1,1
1,1,0,1,0,1,1,1,1,1,1,1,1,0,1,1
0,1,0,1,1,1,1,1,1,1,1,0,1,0,1,1
0,1,1,0,1,1,1,1,1,0,1,0,1,1,1,1
1,1,1,1,0,0,1,0,1,1,1,1,1,1,1,1
1,1,0,0,1,1,1,0,1,1,1,1,1,1,1,1
1,0,0,1,1,0,0,1,1,1,1,1,1,0,1,1
1,0,0,0,0,1,1,1,1,0,0,1,0,0,0,0
0,0,1,0,0,1,0,1,0,1,1,0,0,1,1,0
0,0,0,1,0,1,0,0,0,1,0,1,0,0,0,0
1,0,0,0,0,0,1,1,0,0,0,1,1,1,0,0
1,1,1,1,1,1,1,1,1,1,1,1,0,0,0,1
0,0,1,0,0,1,1,1,1,1,0,0,1,0,1,0
0,1,1,0,1,1,1,1,0,1,0,1,1,1,0,1
1,1,0,0,1,1,1,1,1,0,1,1,1,1,1,1
0,1,1,1,1,1,1,1,0,1,1,1,1,1,0,1
1,1,1,0,1,1,1,1,0,1,0,1,1,1,1,1
0,0,0,1,1,1,0,1,1,1,1,0,1,1,1,0
0,0,1,0,0,1,1,0,1,0,1,0,0,0,1,0
1,0,1,1,0,1,1,1,0,1,1,1,1,1,1,1
0,1,1,1,1,1,1,1,1,1,0,1,0,1,1,1
0,0,0,0,0,0,0,0,0,0,0,0,0,1,0,0
1,0,1,0,0,0,1,1,1,1,0,1,0,0,1,0
0,0,1,0,1,1,0,0,0,1,1,1,0,1,1,0
1,1,0,0,1,1,0,1,1,1,1,1,1,1,1,1
1,1,1,0,0,1,1,1,0,1,1,0,1,1,1,1
0,1,0,0,0,0,1,1,0,1,0,0,1,0,1,0
1,0,1,0,1,1,0,0,1,1,1,1,0,1,1,1
0,0,1,0,1,1,0,0,1,1,1,1,0,0,1,0
0,0,0,0,1,0,0,1,1,1,1,1,1,0,0,0
0,0,0,1,0,1,0,1,1,1,1,1,0,0,1,0
0,0,0,1,1,0,1,0,0,0,1,1,0,0,1,0
0,0,0,0,0,0,0,1,1,1,1,0,1,1,0,0
0,0,1,1,1,0,1,1,1,1,1,1,1,1,0,1
0,0,0,0,0,1,0,0,0,1,1,1,1,1,1,0
0,0,1,0,0,0,1,0,0,1,1,1,0,0,1,0
0,1,1,0,1,0,1,1,1,1,1,1,1,1,1,1
1,1,1,1,1,0,1,0,1,1,1,0,1,1,1,1
1,1,0,1,1,1,0,1,0,1,1,1,1,1,0,1
1,1,0,0,1,1,1,1,1,1,1,0,1,1,1,1
0,1,1,0,1,1,1,1,1,1,1,1,1,1,0,1
0,1,1,1,1,1,1,1,1,1,1,1,1,0,0,0
1,1,1,1,1,0,1,1,1,1,0,1,1,1,0,1
1,1,1,0,1,1,1,1,1,1,0,0,1,1,1,1
1,1,1,0,1,1,0,1,1,1,0,1,1,1,1,1
0,0,0,1,1,0,1,1,0,1,1,1,1,0,1,0
1,0,1,0,1,1,0,0,1,1,0,0,1,1,1,0
1,0,1,0,0,1,1,1,1,0,0,0,0,0,1,0
0,0,0,0,0,1,0,1,1,0,1,0,0,0,0,0
0,0,1,0,1,0,0,1,0,1,0,1,1,0,1,0
0,0,0,1,0,1,0,0,0,1,1,1,0,0,1,0
1,0,0,0,0,0,0,1,0,0,1,0,1,1,0,0
0,0,0,0,0,1,0,0,1,0,1,1,0,1,1,0
0,0,0,0,1,1,1,0,1,0,0,1,0,0,0,0
0,0,1,0,1,0,0,0,0,1,0,0,1,1,1,0
1,1,1,1,1,1,1,1,1,0,0,1,1,1,1,1
0,0,1,0,1,0,0,1,1,0,0,0,1,0,1,0
1,1,0,0,0,1,1,1,0,1,1,0,1,0,1,0
0,0,0,1,0,0,1,0,0,0,1,0,0,0,1,0
1,0,1,1,1,1,0,1,1,1,0,1,1,1,1,1
0,1,1,1,1,1,1,1,0,1,0,1,1,1,1,1
1,1,1,1,0,1,1,0,1,1,0,1,1,1,1,1
0,0,0,1,1,1,1,1,1,1,1,0,0,0,0,0
0,1,0,0,0,1,0,1,1,1,0,0,0,1,0,0
0,0,0,0,0,1,1,0,1,0,0,0,1,1,0,0
0,0,0,1,0,0,0,1,1,1,1,1,1,1,1,0
0,1,1,0,0,1,1,0,1,1,1,1,1,0,0,0
1,1,1,1,1,1,1,0,1,1,1,1,0,1,1,1
0,0,0,1,0,1,1,0,1,1,1,1,1,0,0,0
1,1,0,1,0,1,1,1,1,1,1,1,0,1,1,1
0,0,0,0,0,1,1,0,0,1,1,0,1,0,0,0
1,1,1,0,1,1,0,1,1,1,1,1,0,1,1,1
1,1,1,0,1,1,1,1,1,1,1,1,0,1,1,1
0,1,0,0,0,0,1,0,0,1,1,1,1,1,1,0
1,1,0,1,1,0,1,1,0,1,1,1,1,1,1,1
1,0,1,1,1,1,1,1,1,1,0,0,1,0,1,1
1,1,1,1,1,1,1,1,0,1,0,1,1,1,1,1
1,0,0,1,1,1,1,1,1,1,0,1,0,0,0,0
0,0,0,0,0,0,1,1,0,1,1,1,1,0,0,0
1,1,1,0,0,1,1,1,1,1,0,1,1,1,1,1
1,1,0,1,0,1,1,1,1,1,1,1,1,1,0,1
1,0,0,0,0,1,0,0,0,1,1,0,1,0,0,0
0,0,0,0,0,1,0,1,1,1,0,1,0,1,1,0
0,0,0,1,0,0,0,1,0,1,1,0,0,0,1,0
0,0,0,1,0,1,0,1,1,0,0,1,0,1,0,0
0,0,0,0,0,0,0,0,0,1,0,1,1,1,1,0
0,0,0,1,1,1,1,1,0,0,1,1,1,1,1,0
1,1,0,0,1,1,0,0,0,1,1,0,1,1,0,1
1,0,0,0,0,0,0,1,1,1,1,0,1,1,1,0
0,0,0,0,0,1,0,0,1,1,1,0,1,0,0,0
0,1,0,0,0,1,1,0,0,1,0,0,1,1,0,0
0,1,0,0,0,1,1,1,0,1,0,1,0,0,1,0
1,1,1,1,1,1,1,0,1,1,1,1,1,0,1,1
1,1,0,1,1,1,1,1,1,0,0,1,1,0,1,1
1,1,1,1,1,1,1,1,1,1,1,1,0,1,0,1
0,1,0,1,1,0,0,1,1,0,1,1,1,1,1,1
0,1,0,1,0,0,1,0,0,1,0,1,1,0,0,0
0,0,0,0,0,1,1,1,1,1,0,0,0,0,0,0
1,1,0,0,1,0,0,0,0,1,1,1,1,1,0,0
0,1,1,1,1,0,1,0,1,1,0,1,1,1,1,1
1,0,0,1,1,1,0,0,1,1,1,1,0,1,1,0
1,0,0,0,0,1,0,1,1,0,1,1,1,1,1,0
0,0,0,0,1,1,0,1,1,1,1,0,0,0,0,0
0,0,1,0,0,0,1,0,0,1,0,0,0,0,1,0
0,0,0,0,1,0,1,0,1,0,0,0,1,0,0,0
0,1,1,1,1,1,1,0,1,1,0,1,1,1,1,1
0,0,1,0,0,0,1,1,1,1,0,0,0,1,0,0
0,0,0,0,0,1,0,1,0,1,1,0,1,1,1,0
0,0,0,1,1,0,1,1,1,1,0,0,0,1,1,0
0,0,0,1,0,0,0,0,1,1,0,0,0,0,0,0
1,0,1,1,0,0,1,1,1,1,0,1,1,1,0,1
1,1,1,1,1,0,1,1,1,1,1,1,0,1,0,1
1,1,0,1,1,0,1,1,1,0,1,1,1,1,0,1
0,1,1,1,0,1,1,0,1,1,0,1,1,1,1,1
1,0,1,1,0,0,0,1,0,1,0,0,1,1,1,0
0,0,1,0,0,1,1,1,1,1,1,1,1,1,1,1
1,0,0,0,0,0,0,1,1,0,0,1,1,1,0,0
1,0,0,0,0,1,0,1,1,1,0,0,0,0,0,0
1,1,1,0,0,1,0,1,1,1,1,0,0,1,1,1
1,0,0,1,0,1,0,0,1,1,0,1,0,1,1,0
0,1,0,0,0,0,1,0,1,1,0,0,1,0,0,0
1,1,0,0,1,1,1,1,0,1,0,1,1,1,1,1
1,0,0,1,0,1,0,0,0,1,0,0,1,1,1,0
0,0,0,0,0,1,1,1,1,0,0,1,0,1,1,0
0,0,0,1,0,1,1,1,1,1,0,0,0,0,0,0
1,1,0,0,1,0,0,0,1,1,1,0,0,1,1,0
0,0,0,0,0,0,0,1,0,1,0,0,1,0,0,0
1,1,1,0,0,1,1,1,0,1,1,0,0,0,0,0
0,1,1,0,0,1,0,1,1,1,1,1,1,1,0,1
1,0,0,1,0,0,1,1,1,1,1,1,1,0,1,1
0,0,0,0,0,0,1,1,0,0,0,1,0,0,1,0
0,0,0,0,0,1,0,1,0,0,0,1,0,0,1,0
0,0,1,0,0,1,0,0,1,0,1,0,1,1,0,0
0,0,1,1,0,1,1,0,1,1,1,1,1,1,0,1
1,1,1,0,1,1,1,1,1,0,0,1,1,1,1,1
1,0,0,1,0,1,1,0,0,0,0,1,0,0,1,0
0,0,1,0,1,1,1,0,0,1,1,0,1,1,0,0
0,0,1,0,0,1,0,1,0,1,0,0,0,0,1,0
1,1,1,1,0,1,1,1,0,1,1,1,1,1,1,1
0,1,0,0,0,0,0,1,1,0,1,0,1,1,1,0
0,0,0,1,0,1,1,1,0,0,1,1,1,1,1,0
0,0,0,1,1,1,1,0,1,1,1,1,1,1,1,1
0,0,0,0,0,1,1,0,1,1,1,1,1,0,0,0
0,1,0,0,1,0,1,1,1,1,1,1,0,1,1,1
1,0,1,1,1,1,1,0,1,1,1,1,1,0,1,1
0,1,1,1,1,1,1,0,0,1,0,1,1,1,1,1
1,1,0,1,1,1,1,1,1,1,0,1,0,1,0,1
1,1,1,1,1,1,1,0,1,0,1,1,1,0,1,1
1,0,1,1,0,1,1,0,1,1,1,0,1,1,1,1
1,0,0,1,1,0,1,1,1,0,1,1,1,1,0,1
1,1,1,1,1,1,1,0,1,1,1,0,1,0,1,1
1,1,0,0,1,1,0,0,1,1,1,0,1,1,1,1
1,1,1,1,1,0,0,1,0,0,1,1,1,1,1,1
1,0,0,0,0,1,0,0,1,1,1,1,0,1,0,0
0,1,0,1,1,1,0,1,1,1,1,1,1,1,1,1
1,1,0,0,0,0,0,1,1,1,1,0,1,0,1,0
0,0,0,0,0,0,0,1,0,1,0,1,0,1,1,0
0,0,1,0,0,0,1,0,0,1,0,1,0,1,1,0
0,0,0,1,0,0,1,0,0,0,0,0,0,1,0,0
0,1,0,1,1,1,1,1,1,0,1,1,1,1,1,1
1,0,1,1,1,1,1,1,0,0,1,1,1,1,1,1
1,1,1,1,1,1,1,1,1,0,1,1,0,0,1,1
1,1,1,1,0,1,1,1,1,1,1,0,1,1,1,1
1,1,1,1,0,1,1,0,0,0,1,1,1,1,1,1
1,0,0,1,1,1,1,1,1,0,1,1,0,1,1,1
1,0,1,0,1,1,1,1,1,1,1,1,1,1,0,1
0,0,1,1,1,1,1,0,0,0,0,0,0,1,1,0
0,0,1,0,1,1,1,1,1,1,1,1,1,1,1,1
0,1,1,1,1,0,1,0,0,1,1,0,1,1,0,1
0,1,0,0,0,1,1,0,1,1,1,0,0,1,0,0
0,1,1,1,1,1,1,1,1,0,1,0,1,1,1,1
0,0,0,0,0,0,0,1,1,0,0,1,0,0,0,0
0,0,0,0,1,1,0,1,0,1,0,0,0,0,0,0
1,1,1,1,1,1,1,1,0,1,1,0,1,1,1,1
1,0,1,0,1,0,1,1,1,1,1,1,1,1,1,1
0,0,1,1,0,1,1,1,1,1,1,1,1,1,0,1
1,0,1,1,0,1,1,1,0,0,1,1,1,1,1,1
0,0,1,0,0,1,0,0,0,0,1,0,0,1,0,0
0,1,1,1,1,1,1,1,1,1,0,1,1,0,1,1
0,0,0,0,1,0,0,0,1,0,1,1,0,0,1,0
0,1,1,1,1,1,1,1,1,1,1,0,0,1,1,1
0,0,1,1,1,1,1,1,0,1,1,0,1,1,1,1
0,1,0,0,0,0,0,1,0,1,1,1,1,1,0,0
1,0,0,1,1,0,1,1,1,1,1,1,0,0,1,1
0,1,1,1,0,1,1,1,1,1,1,1,1,0,1,1
1,0,1,1,0,1,1,0,1,1,1,1,1,1,1,1
0,1,0,1,1,1,1,1,1,1,1,0,1,1,1,1
0,1,1,1,1,1,0,1,1,1,1,1,0,1,1,1
0,0,1,0,0,0,1,1,0,0,0,1,1,1,1,0
0,0,1,0,0,1,1,1,0,0,1,0,1,0,0,0
1,1,1,1,1,0,1,1,0,1,1,1,1,0,1,1
1,1,1,1,1,1,1,1,1,0,1,1,0,1,1,1
0,0,0,1,0,1,1,1,0,0,0,0,0,0,0,0
0,0,0,0,1,1,0,1,1,0,0,1,1,1,1,0
0,0,1,1,1,1,1,0,1,1,1,1,1,1,1,1
1,1,0,0,0,1,1,1,1,0,0,0,0,0,0,0
1,1,0,1,1,1,1,1,0,1,1,0,1,1,1,1
0,0,0,0,0,0,0,0,1,1,1,1,1,0,0,0
1,0,1,0,0,0,1,1,1,1,1,1,1,1,1,1
1,1,1,1,1,1,0,1,1,1,1,1,0,0,1,1
0,1,0,0,0,0,1,1,0,0,0,1,1,1,1,0
0,0,0,0,1,1,0,1,0,0,0,0,1,1,0,0
0,0,0,0,0,0,1,0,0,1,1,0,1,0,0,0
1,1,0,1,1,1,1,1,0,1,1,1,1,0,1,1
0,0,0,0,1,0,1,1,1,1,0,1,1,0,0,0
0,0,1,0,0,0,0,0,1,0,1,1,1,0,0,0
0,0,0,1,0,0,0,1,1,1,1,1,0,0,1,0
1,1,1,1,0,0,0,1,1,1,1,1,1,1,1,1
1,1,0,0,0,0,1,1,1,1,0,1,1,1,1,1
0,0,0,0,0,0,1,1,0,1,0,0,1,1,1,0
0,0,0,0,1,1,0,1,0,1,0,1,0,0,0,0
1,0,1,0,0,0,1,1,0,1,1,1,1,0,0,0
0,0,0,0,0,1,0,0,0,1,0,0,1,1,1,0
0,0,1,0,0,1,0,0,0,0,0,1,1,1,0,0
1,0,0,1,1,1,0,1,1,1,1,1,1,1,1,1
1,1,1,0,0,1,1,1,1,0,1,1,1,1,1,1
0,0,1,0,0,0,1,0,1,1,1,1,0,1,0,0
0,0,0,0,0,1,0,1,1,0,0,1,0,0,1,0
0,0,0,1,1,1,0,1,1,0,0,0,1,1,1,0
1,1,1,1,1,1,0,1,1,0,1,1,0,0,1,1
0,0,0,0,0,1,1,0,0,1,0,0,0,1,0,0
0,1,1,1,0,1,0,1,1,1,1,1,1,1,1,1
0,0,1,0,0,0,1,0,1,1,0,0,1,1,1,0
0,0,0,0,0,0,0,1,0,1,1,0,1,1,1,0
1,0,1,0,0,1,1,1,1,1,0,1,1,1,0,1
0,0,1,0,1,0,0,0,0,0,0,0,0,1,1,0
1,1,1,0,0,1,1,1,1,0,1,0,1,0,1,1
0,0,0,0,0,0,0,0,1,0,0,0,0,1,1,0
1,1,1,1,0,1,1,1,1,0,1,1,1,1,0,1
1,0,0,0,0,1,1,1,1,0,0,1,1,0,1,0
0,0,1,1,1,0,0,0,1,1,1,0,1,0,1,0
1,1,1,1,1,0,1,1,1,0,1,0,1,1,1,1
0,1,0,0,0,0,1,1,0,0,1,1,0,0,0,0
0,0,1,0,0,1,0,0,1,1,0,1,1,0,0,0
0,0,0,0,0,0,1,0,1,1,0,0,0,0,1,0
1,1,1,1,1,1,1,0,1,1,1,1,1,1,0,1
1,1,1,1,0,1,1,1,1,1,1,0,1,0,1,1
0,1,1,1,1,1,1,1,1,1,0,1,1,1,0,1
1,0,1,1,0,1,1,1,1,1,1,1,1,1,0,1
0,0,0,0,0,1,0,0,0,1,1,0,0,1,0,0
1,0,1,0,0,0,1,1,1,0,1,1,0,0,0,0
0,0,0,0,0,1,0,0,0,0,1,0,0,0,0,0
0,0,0,1,0,1,1,0,1,0,1,0,0,0,0,0
0,1,0,0,1,0,0,1,1,1,0,1,1,1,0,0
0,0,0,0,0,0,0,0,0,0,1,1,1,0,1,0
0,0,0,0,0,0,0,1,1,1,1,1,0,1,1,0
1,0,0,0,0,1,1,0,1,0,0,1,1,0,1,0
0,0,0,0,0,1,0,0,0,0,0,1,1,0,1,0
0,0,0,0,0,1,1,1,1,1,0,0,1,1,0,0
0,0,0,0,0,1,0,1,0,0,1,0,1,0,0,0
0,0,0,0,0,0,0,1,0,0,1,1,1,0,0,0
1,1,1,1,0,0,1,1,1,0,1,1,1,1,1,1
0,0,1,1,1,0,1,0,1,1,1,1,1,1,1,1
0,1,1,1,1,0,1,1,1,0,1,1,0,1,1,1
0,1,0,0,1,1,0,1,1,1,1,1,1,1,1,1
0,0,0,0,0,1,1,1,0,1,0,1,0,0,0,0
0,0,0,0,0,0,0,1,1,0,0,1,0,1,0,0
1,0,0,0,0,1,1,1,0,1,0,0,0,1,0,0
1,1,1,1,0,0,1,1,1,1,1,0,0,1,1,1
0,1,0,1,0,0,0,1,1,1,0,1,0,0,1,0
1,1,0,1,1,1,1,1,1,1,1,1,0,1,0,1
0,0,0,0,0,0,0,1,0,1,0,0,1,1,1,0
0,0,0,0,0,1,0,0,0,0,1,1,1,0,0,0
0,0,0,0,0,1,1,1,1,1,1,1,0,0,1,0
0,0,0,0,0,0,1,0,0,0,0,1,1,1,0,0
0,1,0,0,0,1,1,1,1,1,0,1,0,1,1,0
0,0,0,1,0,1,0,1,1,1,0,0,0,1,1,0
1,0,0,0,0,1,1,0,1,0,0,1,0,1,1,0
1,1,1,1,1,1,0,1,1,1,1,1,0,1,1,1
0,0,0,0,0,0,0,1,0,0,1,0,0,1,1,0
1,0,0,1,0,0,0,1,0,1,1,0,1,1,0,0
0,1,0,0,0,0,1,1,1,1,1,0,0,0,0,0
1,0,1,1,1,1,1,1,0,1,1,1,1,0,1,1
1,1,0,0,0,0,1,0,1,1,0,1,0,0,0,0
1,1,0,1,0,1,1,1,0,1,1,1,1,1,1,1
1,0,1,1,1,1,0,1,0,0,1,0,0,0,1,0
0,0,1,0,0,0,1,1,1,0,0,0,0,1,0,0
0,0,1,0,0,0,1,1,1,1,1,0,1,0,0,0
1,1,0,0,1,0,1,0,1,1,1,1,1,1,1,1
0,0,0,0,0,1,1,1,0,0,0,1,0,0,0,0
1,1,1,1,1,1,0,1,1,1,0,1,1,0,1,1
0,0,0,1,0,1,1,0,0,1,1,1,1,1,1,0
0,0,0,0,0,0,1,0,0,1,0,0,1,0,0,0
0,0,0,0,0,1,0,0,1,1,1,1,1,1,0,0
0,1,1,1,1,1,0,1,1,0,1,1,1,1,1,1
1,0,1,0,0,1,0,0,0,1,0,0,0,1,0,0
0,0,0,0,1,0,1,0,1,1,0,1,0,0,0,0
1,1,1,1,0,1,1,1,1,1,0,0,1,1,1,1
1,1,1,0,0,1,1,1,1,0,1,1,1,1,0,1
0,1,0,0,0,0,1,0,0,1,1,1,0,1,1,0
0,0,0,0,0,0,0,0,0,1,0,1,1,1,0,0
0,0,1,0,0,0,0,1,1,0,1,1,1,0,1,0
0,0,1,0,0,1,1,0,0,0,1,0,1,0,1,0
0,1,0,0,1,0,0,0,1,0,0,1,1,1,0,0
1,0,0,1,0,1,0,1,0,1,1,1,1,1,1,1
0,0,0,0,0,1,1,1,0,1,0,0,1,1,0,0
0,1,1,0,0,0,1,0,0,1,1,0,1,1,1,0
0,1,0,0,1,1,0,1,0,0,1,1,0,0,0,0
1,1,1,0,0,1,0,0,0,0,0,1,0,0,1,0
0,0,0,0,0,1,0,1,0,0,0,0,0,0,1,0
1,0,1,0,1,1,1,1,1,0,1,0,1,1,1,1
0,0,0,0,1,0,1,1,0,1,1,0,1,0,0,0
1,1,1,1,1,1,1,1,0,1,1,1,0,0,1,1
1,0,1,1,1,1,0,1,0,1,1,1,1,1,1,1
0,0,0,0,1,1,1,1,0,0,0,0,0,1,1,0
0,0,1,1,0,1,0,0,0,0,0,1,0,0,0,0
0,0,0,0,0,0,0,1,0,0,0,1,0,0,1,0
0,0,0,1,0,0,0,0,0,1,0,1,1,1,0,0
0,0,1,0,0,1,1,0,1,0,1,0,0,1,1,0
1,0,1,0,0,1,0,1,1,1,0,0,1,0,1,0
0,0,0,0,0,1,1,1,0,0,1,1,1,1,0,0
0,1,0,0,0,1,0,0,0,0,1,1,1,0,0,0
0,0,0,0,0,1,0,1,1,0,1,0,1,1,0,0
1,0,1,0,0,0,0,0,0,1,0,1,0,0,1,0
1,0,0,1,1,1,0,1,0,1,1,1,1,1,1,1
0,0,1,1,0,1,1,1,0,0,0,1,0,0,1,0
0,0,0,0,0,1,1,0,0,1,1,1,1,1,0,0
1,0,1,1,1,1,1,1,1,0,1,0,1,1,1,1
0,1,0,1,0,0,1,0,1,0,0,1,0,1,1,0
1,1,1,0,1,1,0,1,1,0,1,1,1,0,1,1
0,0,0,0,1,0,0,0,1,1,1,0,0,1,0,0
0,0,1,0,0,1,1,1,0,0,0,1,0,0,1,0
1,0,1,1,1,0,0,1,1,1,1,1,1,1,0,1
1,1,0,1,1,1,1,1,0,1,0,1,0,1,1,1
0,1,1,1,0,1,0,1,0,0,0,1,0,0,0,0
0,0,1,0,1,1,0,1,0,0,1,1,1,1,0,0
0,1,1,1,0,1,1,1,0,0,1,1,1,1,1,1
0,0,1,0,0,0,0,0,0,1,1,1,1,1,1,0
0,0,0,0,0,1,0,0,0,1,0,1,1,0,0,0
0,0,0,0,0,1,1,0,0,1,1,1,1,1,1,0
0,0,0,0,0,1,1,1,0,1,0,1,1,0,0,0
0,0,1,0,1,0,0,1,0,1,1,1,0,1,0,0
0,0,0,0,0,0,1,0,0,1,0,1,0,1,1,0
1,0,0,0,0,1,1,1,1,1,1,0,1,1,1,0
0,1,0,0,0,1,0,1,0,0,1,0,1,1,1,0
1,1,1,0,1,1,1,1,1,1,1,1,0,0,1,1
0,0,0,0,0,1,1,0,1,0,1,1,0,1,0,0
0,0,0,1,1,1,1,1,0,0,0,0,1,1,1,0
0,0,1,0,0,0,0,0,0,1,0,0,0,1,0,0
1,1,0,1,1,1,1,0,1,1,1,1,1,1,0,1
1,1,0,0,1,0,1,1,1,0,1,1,1,1,1,1
0,0,0,0,0,0,0,1,1,1,1,1,0,1,0,0
1,1,1,0,0,0,0,1,1,0,0,0,1,0,1,0
1,0,1,1,1,1,1,0,1,1,1,1,1,1,0,1
1,1,1,0,1,1,1,1,1,0,1,1,1,0,1,1
0,0,0,0,0,1,0,1,1,1,1,1,0,0,1,0
1,1,1,1,1,0,1,1,1,0,1,1,1,1,1,1
0,1,0,0,0,1,0,0,1,1,1,1,0,0,1,0
0,0,0,0,0,0,0,1,0,1,1,1,0,1,1,0
1,0,0,1,0,1,1,1,1,1,0,1,1,0,1,1
0,1,0,1,0,1,1,0,0,1,0,1,0,0,1,0
1,0,1,0,0,0,0,1,1,1,1,1,0,0,0,0
1,1,0,1,1,1,0,0,1,1,1,1,0,1,1,1
0,0,1,0,0,0,1,1,0,1,0,0,0,1,0,0
1,0,0,0,1,1,0,1,1,0,0,1,1,0,0,0
1,1,1,0,1,1,0,1,1,1,1,0,1,1,1,1
1,0,0,0,1,1,1,1,1,1,1,0,0,1,1,0
1,1,1,1,1,0,0,0,1,1,1,1,1,1,1,1
0,0,0,0,0,1,1,1,1,0,1,0,0,0,1,0
0,1,1,0,0,0,0,1,1,0,1,1,1,1,0,0
0,1,1,1,0,0,1,1,1,1,1,1,1,1,0,1
0,1,0,0,1,0,0,0,1,0,0,1,1,1,1,0
0,0,0,0,0,1,0,0,1,0,0,1,1,0,1,0
0,1,0,0,0,0,1,0,0,0,0,1,0,0,1,0
1,1,1,0,0,1,1,1,0,1,1,1,1,1,1,1
1,1,1,1,0,1,1,1,1,1,1,1,1,0,0,1
0,0,0,0,1,1,1,1,0,1,0,1,0,0,1,0
1,0,1,0,0,1,0,0,0,1,1,1,1,0,0,0
1,1,0,1,1,1,0,1,1,1,1,1,1,0,1,1
1,0,0,1,1,1,0,1,1,0,0,0,1,0,1,0
0,0,0,0,0,1,1,0,1,1,1,1,0,1,0,0
1,1,1,1,0,1,0,1,1,0,1,1,1,1,0,1
0,1,0,1,1,0,1,1,0,1,1,1,0,1,1,1
0,1,0,0,0,0,0,1,0,0,1,0,0,1,0,0
0,0,1,0,1,1,0,0,0,0,1,1,0,0,1,0
0,1,0,1,1,0,0,0,0,1,1,1,0,0,0,0
1,1,0,1,1,0,1,1,1,0,1,1,0,1,1,1
1,1,1,1,0,1,1,1,0,0,0,1,1,1,1,1
0,1,0,1,1,0,0,1,1,0,1,1,0,1,1,0
1,0,0,1,1,1,1,1,1,1,1,1,1,1,0,1
1,1,0,1,0,1,1,1,1,1,1,0,1,1,1,1
0,0,0,0,0,0,1,0,0,1,1,1,1,0,0,0
